Name,StoreName,Price,Category
Sony WH-1000XM5 Wireless Headphones,Gjirafa50,80,Audio
Samsung Galaxy S23 Ultra,Gjirafa50,110,Smartphone
Logitech MX Master 3S,Gjirafa50,50,Computer Accessories
"Apple iPhone 17 Pro Max, 256GB, Cosmic Orange",Gjirafa50,1699.5,Smartphone
"Set satelitor Starlink Standard V4, i bardhë/ hirtë",Gjirafa50,349.5,Networking
"Apple iPhone 17 Pro Max, 256GB, Deep Blue",Gjirafa50,1699.5,Smartphone
"Monitor Dell Alienware AW2525HM, 25"", Full HD, 320Hz, i zi",Gjirafa50,199.5,Monitor
"Apple iPhone 17 Pro Max, 256GB, Silver",Gjirafa50,1699.5,Smartphone
"Apple iPhone 17 Pro, 256GB, Cosmic Orange",Gjirafa50,1499.5,Smartphone
"Stiluese për flokë Dyson Airwrap Multistyler, e kaltër/topaz",Gjirafa50,629.5,Other
"Apple iPhone 17 Pro, 256GB, Deep Blue",Gjirafa50,1499.5,Smartphone
"Apple MacBook Pro, 14"", M5 10-core, 16GB, 1TB, 10-core GPU, Space Black",Gjirafa50,2049.5,Laptop
"Tavolinë SENSE7 Nomad Basic, 140cm x 60cm, e zezë",Gjirafa50,89.5,Other
"Karrige SENSE7 Spellcaster Senshi Edition XL, e zezë",Gjirafa50,309.5,Other
"Apple MacBook Air, 13.6"", M4 10-core, 16GB, 256GB SSD, 8-core GPU, Silver",Gjirafa50,1079.5,Laptop
"Dëgjuese Dudao U15H, të zeza, pa kabllo",Gjirafa50,14.5,Other
"Ftohës Arctic Liquid Freezer III 280 A-RGB, i bardhë",Gjirafa50,117.5,Other
"Tavolinë SENSE7 Nomad Basic, 140cm x 60cm, e zezë",Gjirafa50,89.5,Other
"Monitor Samsung Odyssey G5 - 34'' LED, UW-QHD, i zi",Gjirafa50,299.5,Monitor
"Laptop Lenovo        V15 G4 IRU,15.6"", Intel Core i7-13620H, 16GB (2x8GB) RAM, 512GB SSD, Integrated Intel UHD Graphics, i zi",Gjirafa50,539.5,Laptop
"Apple iPhone 17 Pro, 1TB, Silver",Gjirafa50,2099.5,Smartphone
"Çantë shpine Lenovo B210 për laptop, 15.6""",Gjirafa50,19.5,Laptop
"Monitor AOC 25G3ZM/BK, 24.5"", 1920 x 1080 (FullHD), 240Hz, i zi/ kuq",Gjirafa50,149.5,Monitor
"Karrige SENSE7 Prism, e zezë",Gjirafa50,89.5,Other
"Tavolinë SENSE7 Classic Desk, 140cm x 60cm, e zezë",Gjirafa50,99.5,Other
"Karrige SENSE7 Knight, e zezë",Gjirafa50,99.5,Other
"Karrige SENSE7 Spellcaster Senshi Edition, e hirtë",Gjirafa50,139.5,Other
"Altoparlant Blow BT460, hirtë",Gjirafa50,29.5,Other
"Karrige SENSE7 Vanguard, me pëlhurë, e zezë",Gjirafa50,159.5,Other
"Tablet Samsung Galaxy Tab A9+ LTE X216, 6/128, i hirtë",Gjirafa50,249.5,Smartphone
"Monitor Lenovo Legion R27fc-30, 27"", 1920 x 1080, Full HD, 240 Hz, i zi",Gjirafa50,206.5,Monitor
"Karrige zyre SENSE7 Veno, e zezë",Gjirafa50,99.5,Other
"Mbrojtëse hibride për iPhone 17 Pro Max ESR, e portokalltë",Gjirafa50,14.5,Smartphone
"Monitor MSI MAG 255F E20, 24.5'', FHD, 200HZ, i zi",Gjirafa50,99.5,Monitor
"Mauspad Krux Space Carpet MAX, XXXL, shumëngjyrësh",Gjirafa50,29.5,Other
"Apple MacBook Pro, 14"", M5 10-core, 16GB, 512GB, 10-core GPU, Silver",Gjirafa50,1799.5,Laptop
"Maus Razer Viper V3 HyperSpeed, i zi",Gjirafa50,69.5,Other
"Monitor MSI MAG 255XF, 24.5"", FHD, 300hz, i zi",Gjirafa50,159.5,Monitor
"Procesor AMD Ryzen 7 9800X3D, Tray",Gjirafa50,449.5,Other
"Monitor Samsung Odyssey G5 - 34'' LED, UW-QHD, i zi",Gjirafa50,299.5,Monitor
"Celular Samsung Galaxy S25 Ultra, 6.9"", 12GB/ 512GB, Titanium Gray",Gjirafa50,1349.5,Smartphone
"Mbajtëse për monitor SENSE7, 17""-32"", e zezë",Gjirafa50,29.5,Monitor
"Konzolë Sony Play Station 5 Digital Edition EA Sports FC 26, e bardhë/zezë",Gjirafa50,549.5,Other
"Apple iPhone 16 Pro Max, 256GB, Black Titanium",Gjirafa50,1449.5,Smartphone
"Laptop Lenovo NB V15 G2 ITL,15.6"", Intel Core i5, 8GB RAM, 256GB SSD, i zi",Gjirafa50,369.5,Laptop
"Karrige për zyrë SENSE7 Tone, e zezë",Gjirafa50,109.5,Other
"Set satelitor Starlink Mini, i bardhë/ hirtë",Gjirafa50,299.5,Networking
"Pllakë amë GigaByte MB AMD B650 Chipset, AMD Ryzen 9000, DDR5, PCIe 5.0, e zezë",Gjirafa50,129.5,Other
"Karrige SENSE7 Spellcaster FUKU, material, bezhë/ e zezë",Gjirafa50,129.5,Other
Apple iPhone 17 Pro Max Clear Case with MagSafe,Gjirafa50,69.5,Smartphone
"Kufje HyperX Cloud III (727A9AA), të zeza/ kuqe",Gjirafa50,89.5,Other
"Maus Logitech G PRO X SuperLight 2, i zi",Gjirafa50,129.5,Computer Accessories
"Karrige SENSE7 Prism, e zezë",Gjirafa50,89.5,Other
"Karrige SENSE7 Spellcaster FUKU XL, material+lëkurë, e zezë/ hirtë",Gjirafa50,149.5,Other
"Laptop MSI Titan 18 HX A14VIG, 18"", 4K, Intel i9-14900HX, 128GB RAM, 2TB + 2TB SSD, RTX 4090, i zi",Gjirafa50,5289.5,Laptop
"Eau de Parfum Lattafa Khamrah, 100 ml",GjirafaMall,49.95,Other
"Apple iPhone 17 Pro Max, 256GB, Cosmic Orange",Gjirafa50,1699.5,Smartphone
"Maus Logitech MX Master 3S, grafit",Gjirafa50,99.5,Computer Accessories
"Apple iPhone 17 Pro Max, 256GB, Cosmic Orange",GjirafaMall,1699.5,Smartphone
"Apple iPhone 17 Pro, 512GB, Cosmic Orange",GjirafaMall,1799.5,Smartphone
Apple iPhone 17 Pro Max Clear Case with MagSafe,GjirafaMall,69.5,Smartphone
"Apple iPhone 16 Pro Max, 256GB, Black Titanium",GjirafaMall,1699.5,Smartphone
"Laptop Lenovo IdeaPad Slim 3 16ABR8, 16″ , AMD Ryzen 7 5825U, 16 GB RAM, 512 GB SSD, AMD Radeon Graphics, i hirtë",GjirafaMall,609.5,Laptop
Kufje Me Bluetooth HAVIT I62,GjirafaMall,14.98,Other
"Televizor LG OLED 65C51La, 65'', i zi",GjirafaMall,2449,Other
Sony ZV-E10 II 16-50mm,GjirafaMall,1275,Other
"Mbajtëse Libox për televizorë 17 ""-32"", e zezë",GjirafaMall,14.49,Other
"Absorbues lagështie Berdsen BR - 70W, i bardhë",GjirafaMall,46.99,Other
"Fotoaparat Fujifilm Instax MINI 12, rozë",GjirafaMall,129.5,Other
"Apple iPhone 17 Pro, 256GB, Deep Blue",GjirafaMall,1499.5,Smartphone
Instax Mini Film x 20,GjirafaMall,25,Other
Insta360 GO 2 64GB,GjirafaMall,425,Other
"Mbajtëse televizori për mur Art Wall mount AR-35 20'' - 65'', 35 kg, të zeza",GjirafaMall,31.59,Other
"Televizor LG Oled 65G51Lw, 65''",GjirafaMall,3499,Other
"Skuter elektrik për 3 persona Mat Moto Motorcycle, 25 km/h,1800W, i zi/ kaftë",GjirafaMall,1399,Other
"Orë Zgjuese Multifunksionale me Radio FM, 2 Alarma, Bluetooth, TF Card dhe Mikrofon AIWA CR-90BT",GjirafaMall,89.98,Other
"Karrige SENSE7 Spellcaster FUKU XL, material+lëkurë, e zezë",GjirafaMall,229.49,Other
Apple AirPods 4 (USB-C),GjirafaMall,179.5,Audio
"Grill elektrik Raclette Sencor SBG 0260BK, e hirtë/zezë",GjirafaMall,56,Other
"Tavolinë elektrike SENSE7 Nojo, 120cm x 60cm,e zezë/ druri",GjirafaMall,146.99,Other
SmallRig Mini V Mount Battery Plate with Belt Clip,GjirafaMall,45,Other
Apple 20W USB-C Power Adapter,GjirafaMall,33.99,Storage
"Karrige gaming Huzaro HZ-FORCE 4.4, karbon",GjirafaMall,99,Other
"Celular Samsung Galaxy A16, 4GB/ 128GB, i hirtë",GjirafaMall,178.5,Smartphone
Dron SONIT S135,GjirafaMall,449.98,Other
"Karrige gaming Tribe Syrax 2.0, e zezë",GjirafaMall,159.9,Other
"Karrige gaming Tribe Viserion 2.0, e zezë/kuqe",GjirafaMall,109.9,Other
GoPro HERO13 Black,GjirafaMall,550,Other
"Maus Logitech G Pro X Superlight 2 Wireless, i bardhë",GjirafaMall,157.99,Computer Accessories
"Televizor LG LED 65Ua73003La, 65'', i zi",GjirafaMall,779,Other
Dell Business Laptop Notebook Latitude 5310 2-in-1 i5-10210u 8GB 256GB SSD 1920x1280 Touchscreen Windows 11 (Refurbished),AmazonDE,333,Laptop
"Acer Aspire Go 15 (AG15-42P-R5ZD) Laptop, 15.6"" FHD IPS Display, AMD Ryzen 7 5825U, 32GB RAM, 1TB SSD, AMD Radeon Graphics, Windows 11, QWERTZ Keyboard, Silver",AmazonDE,649.99,Laptop
"HP Laptop with 17.3"" HD+ Display, Intel Celeron N4500120, 8GB DDR4 RAM, 256GB SSD, Intel UHD Graphics, Windows 11, QWERTZ Keyboard, Black",AmazonDE,369,Laptop
"HP Laptop, 15.6 Inch FHD Display, Intel N100, 4 GB DDR4 RAM, 128 GB UFS, Intel UHD Graphics, Windows 11 Home in S Mode, QWERTZ Keyboard, Natural Silver",AmazonDE,279,Laptop
"Apple 2024 MacBook Pro Laptop with M4 Pro Chip with 12-Core CPU and 16-Core GPU: 14.2 Inch Liquid Retina XDR Display, 24 GB Shared Memory, 512 GB SSD Memory; Space Black",AmazonDE,1885,Laptop
"Laptop 15.6 inch, 32GB DDR4 1TB SSD, Dual-Core 3050E (up to 2.80 GHz), Notebook with Fingerprint Sensor, Illuminated Keyboard, Double Speaker, HDMI, Laptop for Students and Office",AmazonDE,28.99,Laptop
"Laptop 15.6 inch, 32GB DDR4 1TB SSD, Dual-Core 3050E (up to 2.80 GHz), Notebook with Fingerprint Sensor, Illuminated Keyboard, Double Speaker, HDMI, Laptop for Students and Office",AmazonDE,395,Laptop
"Revolutionize Your Work with Double Laptop Screen - Plug and Play 14"" FHD 1080P IPS (macOS/Windows/Linux) - Triple Screen Monitor for Maximum Productivity",AmazonDE,399,Laptop
"2025 Latest 15.6 Inch FHD Laptop, 16 GB RAM, 512 GB SSD, Celeron 5205U, QWERTY Keyboard with Backlight, Fingerprint Reader, WiFi, HDMI, Notebook Computer for Business and Students",AmazonDE,299.99,Laptop
"15.6 Inch Full HD Laptop, 32GB DDR4 RAM 1TB SSD, Quad-Core N95 Up to 3.4GHz with Fingerprint Unlock Notebook, Cooling Fan, Webcam, Dual Speakers, Mini HDMI, Student/Business Laptop - Pink",AmazonDE,335,Laptop
"mCover Nur kompatibel mit 15,6 Zoll HP Laptop 15-FCxxxx / 15-FDxxxx / 250 G10 Serie Windows Notebook-PC (nicht für andere HP-Laptop-Modelle) - Transparent",AmazonDE,28.99,Laptop
"2025 Latest 15.6 Inch FHD Laptop, 16 GB RAM, 512 GB SSD, Celeron 5205U Processor, QWERTY Keyboard with Backlight, Fingerprint Reader, WiFi, HDMI, Notebook Computer for Business and Students",AmazonDE,479.99,Laptop
"HP Laptop with 17.3"" FHD Display, AMD Ryzen 7 7730U, 16GB DDR4 RAM, 512GB SSD, AMD Radeon Graphics, Windows 11, QWERTZ, Black with 25GB Dropbox Memory for 12 Months",AmazonDE,579,Laptop
ASUS Vivobook 16 Laptop | 16 Inch WUXGA Anti-Glare IPS Display | AMD Ryzen 5 7430U | 16 GB RAM | 512 GB SSD | AMD Radeon | Windows 11 | QWERTZ Keyboard (German Layout) | Cool Silver,AmazonDE,494.89,Laptop
ASUS Chromebook CX14 CX1405CTA Laptop | 14 Inch FHD 16:9 Display | Intel N150 | 4GB RAM | 128GB eMMC | Intel UHD | ChromeOS | QWERTZ | Quiet Blue,AmazonDE,249,Laptop
"Laptop 15.6 inch, 32GB DDR4 1TB SSD, Dual-Core 3050E (up to 2.80 GHz), Notebook with Fingerprint Sensor, Illuminated Keyboard, Double Speaker, HDMI, Laptop for Students and Office",AmazonDE,395,Laptop
"Acer Chromebook 314 (CBOA314-1H-C32M) Laptop, 14 Inch FHD Display, Intel Celeron N4500, 4 GB RAM, 128 GB SSD, Intel UHD Graphics, Google ChromeOS, QWERTY Keyboard, Black",AmazonDE,179.5,Laptop
"jumper Laptop 17.6 Inch 100% sRGB FHD Display, 16GB RAM 512GB SSD + 128GB eMMC, N95 CPU, QWERTZ Luminous Keyboard, WiFi 6, 7000mAh, Notebook for Students and Business",AmazonDE,479.99,Laptop
"Blackview Acebook 6 15.6 Inch Laptop for Business and Students, Quad Core N150 up to 3.6 GHz (Better than N95), 16GB DDR4 512GB SSD, FHD IPS Eye Protection, 100W Type-C, 4K HDMI, Bluetooth, WiFi 5",AmazonDE,339.99,Laptop
"HP Laptop with 17.3"" FHD Display, AMD Ryzen 5 7520U, 8GB DDR5 RAM, 512GB SSD, AMD Radeon Graphics, Windows 11, QWERTZ, Black with 25GB Dropbox Memory for 12 Months",AmazonDE,469,Laptop
"15.6 Inch Full HD Laptop, 32GB DDR4 RAM 1TB SSD, Quad-Core N95 Up to 3.4GHz with Fingerprint Unlock Notebook, Cooling Fan, Webcam, Dual Speakers, Mini HDMI, Student/Business Laptop - Pink",AmazonDE,335,Laptop
Dell Latitude 5500 15.6 Inch 1920 x 1080 Full HD Intel Core i5 8365U 512GB SSD Hard Drive 16GB Memory Windows 11 Pro Webcam Notebook Laptop (Refurbished),AmazonDE,349.99,Laptop
"HP Laptop, 15.6 Inch FHD Display, Intel Core i3-N305, 8 GB DDR4 RAM, 512 GB SSD, Intel UHD Graphics, Windows 11 Home, QWERTZ Keyboard, Jet Black",AmazonDE,429,Laptop
"HP Laptop with 17.3"" FHD Display, Intel Core i7-1355U, 16GB DDR4 RAM, 1TB SSD, Intel Iris Graphics, Windows 11, QWERTZ, Silver with 25GB Dropbox Memory for 12 Months",AmazonDE,791.4,Laptop
"MSI Modern 15 Lifestyle & Business Laptop, 15.6 Inch Full HD Display, AMD Ryzen 5 7430U Processor, 16GB DDR4 RAM, 512GB SSD, AMD Radeon Graphics, Windows 11 Home, Black, B7M-463",AmazonDE,469.99,Laptop
ASUS Chromebook CX14 CX1405CTA Laptop | 14 Inch FHD 16:9 Display | Intel N150 | 4GB RAM | 128GB eMMC | Intel UHD | ChromeOS | QWERTZ | Quiet Blue,AmazonDE,249,Laptop
"Apple MacBook Air (13 inch, Apple M4 Chip with 10-Core CPU and 10-Core GPU, 16GB Shared Memory, 512GB) - Silver",AmazonDE,1118.3,Laptop
"Lenovo ThinkPad L380 Business Laptop, 13.3 Inch Notebook, Intel Core i5-8250U, 16GB RAM, 256GB SSD, Japanese Keyboard, Windows 11 Pro (Refurbished)",AmazonDE,194.65,Laptop
"2025 Latest 15.6 Inch FHD Laptop, 16 GB RAM, 512 GB SSD, Celeron 5205U, QWERTY Keyboard with Backlight, Fingerprint Reader, WiFi, HDMI, Notebook Computer for Business and Students",AmazonDE,299.99,Laptop
2025 Laptop 14 Inch Win11 Celeron N4020 256GB SSD Support 1TB (TF 512GB) Full Metal Notebook 1080P 5G WiFi Mini HDMI & Wireless Mouse Keyboard Film for Keyboard Gold,AmazonDE,239.99,Laptop
"ACEMAGIC Gaming Laptop Computer - 2025 Latest 15.6 Inch FHD Display Laptop with Ryzen 7 7430U Processor up to 4.3GHz, 16GB RAM DDR4 512GB NVMe PCIe 3.0 SSD Gaming Notebook, Lightweight",AmazonDE,429.99,Laptop
HP Business Premium Laptop Notebook ProBook X360 11 G3 Pentium N5000 4GB 128GB SSD BT WLAN 1366x768 Touchscreen Windows 11 QWERTZ (Blue) (Refurbished),AmazonDE,143.99,Laptop
Fshesë Storm Vac Rovus,TopShopKS,99.9,Other
Hekur qeramike Premium Rovus,TopShopKS,79.9,Other
Dyshek Aloe Vera Plus Memory,TopShopKS,269.9,Other
28 CM,TopShopKS,29.9,Other
Aparat për kafe Espresso Deluxe Noir Delimano,TopShopKS,99.9,Other
Air Fryer Star Delimano,TopShopKS,99.9,Other
VALIXHE DORMEO GO! Dormeo,TopShopKS,38.47,Other
Stilues AirTech Pro Wellneo,TopShopKS,99.96,Other
VALIXHE DORMEO GO! Dormeo,TopShopKS,109.9,Other
Rubinet për ngrohjen e ujit Rovus,TopShopKS,79.9,Other
Air Fryer Master me Furrë,TopShopKS,249.9,Other
Stilues AirTech Pro Wellneo,TopShopKS,249.9,Other
Set i enëve Legend (7 pjesë),TopShopKS,193.3,Other
Set tasash për servirje + tabaka Delimano,TopShopKS,29.9,Other
Tavë për pica Stone Legend Mediterraneo Delimano,TopShopKS,27.98,Other
Set tasa për servirje + tabaka Delimano,TopShopKS,29.9,Other
Set pjatash për servirje 5 copë Delimano,TopShopKS,39.9,Other
"Set 24 pjesësh me lugë, pirunj & thika prej druri Delimano",TopShopKS,44.95,Other
"Set 24 pjesësh elegant me lugë, pirunj & thika Delimano",TopShopKS,39.95,Other
Mikser dore i kuq Joy Delimano,TopShopKS,14.95,Other
Air Fryer Master me Furrë,TopShopKS,99.96,Other
Robot kuzhine Deluxe Noir Delimano,TopShopKS,119.95,Other
Peshore Kuzhine Dolcevita Delimano,TopShopKS,11.99,Other
Peshore kuzhine me enë Delimano Joy Delimano Joy,TopShopKS,29.9,Other
Aparat për kafe Espresso Joy Delimano,TopShopKS,79.9,Other
Set 3 pjesësh për grill Brava Delimano,TopShopKS,9.95,Other
Grirëse mishi Joy Pro Delimano,TopShopKS,39.9,Other
Set pjatash 24 pjesë Delimano,TopShopKS,39.96,Other
Thekës buke Delimano Joy,TopShopKS,17.94,Other
Dell Business Laptop Notebook Latitude 5310 2-in-1 i5-10210u 8GB 256GB SSD 1920x1280 Touchscreen Windows 11 (Refurbished),AmazonDE,333,Laptop
"Acer Aspire Go 15 (AG15-42P-R5ZD) Laptop, 15.6"" FHD IPS Display, AMD Ryzen 7 5825U, 32GB RAM, 1TB SSD, AMD Radeon Graphics, Windows 11, QWERTZ Keyboard, Silver",AmazonDE,649.99,Laptop
"HP Laptop with 17.3"" HD+ Display, Intel Celeron N4500120, 8GB DDR4 RAM, 256GB SSD, Intel UHD Graphics, Windows 11, QWERTZ Keyboard, Black",AmazonDE,369,Laptop
"HP Laptop, 15.6 Inch FHD Display, Intel N100, 4 GB DDR4 RAM, 128 GB UFS, Intel UHD Graphics, Windows 11 Home in S Mode, QWERTZ Keyboard, Natural Silver",AmazonDE,279,Laptop
"Acer Nitro V 16S AI (ANV16S-41-R2K2) Gaming Laptop, 16 Inch WQXGA IPS 180Hz Display, AMD Ryzen 7 260, 16 GB RAM, 1 TB GB SSD, NVIDIA GeForce RTX 5060, Windows 11, QWERTZ Keyboard, Black",AmazonDE,1448,Laptop
"mCover Nur kompatibel mit 15,6 Zoll HP Laptop 15-FCxxxx / 15-FDxxxx / 250 G10 Serie Windows Notebook-PC (nicht für andere HP-Laptop-Modelle) - Transparent",AmazonDE,28.99,Laptop
"Teamgee 15.6 Inch Laptop Screen Extender for All Laptops, 120% sRGB FHD 1080P Triple Portable Laptop Monitor Extension with Type-C USB HDMI Plug Play for Mac, Windows, Chrome, Android",AmazonDE,309.99,Laptop
Laptop Bag Laptop Briefcase Fits up to 15 15.6 16 Inch Laptop Expandable Water Resistant Shoulder Bag Shoulder Bag Carry Bag Notebook Bag PC Computer Bag,AmazonDE,23.99,Laptop
"Comfyable Slim Protective Laptop Sleeve Compatible with 13/13.3/14 Inch MacBook Air & MacBook Pro, Mac Travel Case, Laptop Pouch, Slim PU Leather Cover M5/M4/M3/M2/M1 2025-2021, Black",AmazonDE,29.99,Laptop
"domyfan 16.1 Inch Laptop Screen Extension FHD 1200P, Portable Second Screen with 360° Magnetic Stand, Portable Monitor for 13-17.3 Inch Laptops, Plug & Play for Windows/Mac/PC/Xbox/PS5",AmazonDE,199.99,Laptop
"2025 Latest 15.6 Inch FHD Laptop, 16 GB RAM, 512 GB SSD, Celeron 5205U Processor, QWERTY Keyboard with Backlight, Fingerprint Reader, WiFi, HDMI, Notebook Computer for Business and Students",AmazonDE,479.99,Laptop
"Apple 2024 MacBook Pro Laptop with M4 Pro Chip with 12-Core CPU and 16-Core GPU: 14.2 Inch Liquid Retina XDR Display, 24 GB Shared Memory, 512 GB SSD Memory; Space Black",AmazonDE,1885,Laptop
"HP Laptop with 17.3"" FHD Display, AMD Ryzen 7 7730U, 16GB DDR4 RAM, 512GB SSD, AMD Radeon Graphics, Windows 11, QWERTZ, Black with 25GB Dropbox Memory for 12 Months",AmazonDE,579,Laptop
ASUS Chromebook CX14 CX1405CTA Laptop | 14 Inch FHD 16:9 Display | Intel N150 | 4GB RAM | 128GB eMMC | Intel UHD | ChromeOS | QWERTZ | Quiet Blue,AmazonDE,249,Laptop
"Laptop 15.6 inch, 32GB DDR4 1TB SSD, Dual-Core 3050E (up to 2.80 GHz), Notebook with Fingerprint Sensor, Illuminated Keyboard, Double Speaker, HDMI, Laptop for Students and Office",AmazonDE,395,Laptop
ASUS Vivobook 16 Laptop | 16 Inch WUXGA Anti-Glare IPS Display | AMD Ryzen 5 7430U | 16 GB RAM | 512 GB SSD | AMD Radeon | Windows 11 | QWERTZ Keyboard (German Layout) | Cool Silver,AmazonDE,494.89,Laptop
"Acer Chromebook 314 (CBOA314-1H-C32M) Laptop, 14 Inch FHD Display, Intel Celeron N4500, 4 GB RAM, 128 GB SSD, Intel UHD Graphics, Google ChromeOS, QWERTY Keyboard, Black",AmazonDE,179.5,Laptop
"jumper Laptop 17.6 Inch 100% sRGB FHD Display, 16GB RAM 512GB SSD + 128GB eMMC, N95 CPU, QWERTZ Luminous Keyboard, WiFi 6, 7000mAh, Notebook for Students and Business",AmazonDE,479.99,Laptop
"Blackview Acebook 6 15.6 Inch Laptop for Business and Students, Quad Core N150 up to 3.6 GHz (Better than N95), 16GB DDR4 512GB SSD, FHD IPS Eye Protection, 100W Type-C, 4K HDMI, Bluetooth, WiFi 5",AmazonDE,339.99,Laptop
"15.6 Inch Full HD Laptop, 32GB DDR4 RAM 1TB SSD, Quad-Core N95 Up to 3.4GHz with Fingerprint Unlock Notebook, Cooling Fan, Webcam, Dual Speakers, Mini HDMI, Student/Business Laptop - Pink",AmazonDE,335,Laptop
"Laptop 15.6 Inch (FHD IPS Display), Notebook with Fingerprint and Illuminated Keyboard, Rose Gold, 8GB RAM, 256GB SSD",AmazonDE,268.79,Laptop
"HP Laptop with 17.3"" FHD Display, AMD Ryzen 5 7520U, 8GB DDR5 RAM, 512GB SSD, AMD Radeon Graphics, Windows 11, QWERTZ, Black with 25GB Dropbox Memory for 12 Months",AmazonDE,469,Laptop
"HP Laptop, 15.6 Inch FHD Display, Intel Core i3-N305, 8 GB DDR4 RAM, 512 GB SSD, Intel UHD Graphics, Windows 11 Home, QWERTZ Keyboard, Jet Black",AmazonDE,429,Laptop
"HP Laptop with 17.3"" FHD Display, Intel Core i7-1355U, 16GB DDR4 RAM, 1TB SSD, Intel Iris Graphics, Windows 11, QWERTZ, Silver with 25GB Dropbox Memory for 12 Months",AmazonDE,791.4,Laptop
"MSI Modern 15 Lifestyle & Business Laptop, 15.6 Inch Full HD Display, AMD Ryzen 5 7430U Processor, 16GB DDR4 RAM, 512GB SSD, AMD Radeon Graphics, Windows 11 Home, Black, B7M-463",AmazonDE,469.99,Laptop
ASUS Chromebook CX14 CX1405CTA Laptop | 14 Inch FHD 16:9 Display | Intel N150 | 4GB RAM | 128GB eMMC | Intel UHD | ChromeOS | QWERTZ | Quiet Blue,AmazonDE,249,Laptop
"Apple MacBook Air (13 inch, Apple M4 Chip with 10-Core CPU and 10-Core GPU, 16GB Shared Memory, 512GB) - Silver",AmazonDE,1118.3,Laptop
"2025 Latest 15.6 Inch FHD Laptop, 16 GB RAM, 512 GB SSD, Celeron 5205U, QWERTY Keyboard with Backlight, Fingerprint Reader, WiFi, HDMI, Notebook Computer for Business and Students",AmazonDE,299.99,Laptop
2025 Laptop 14 Inch Win11 Celeron N4020 256GB SSD Support 1TB (TF 512GB) Full Metal Notebook 1080P 5G WiFi Mini HDMI & Wireless Mouse Keyboard Film for Keyboard Gold,AmazonDE,239.99,Laptop
HP Business Premium Laptop Notebook ProBook X360 11 G3 Pentium N5000 4GB 128GB SSD BT WLAN 1366x768 Touchscreen Windows 11 QWERTZ (Blue) (Refurbished),AmazonDE,143.99,Laptop
2025 Laptop 14 Inch Win11 Pro 4-Core Celeron N5095 (up to 2.9 GHz) 1920 x 1200 Notebook 8 + 256 GB SSD Support 1TB (TF-1TB) Cooling Fan Type-C German Keyboard Protector and Wireless Mouse Blue,AmazonDE,289.99,Laptop
"Karrige SENSE7 Spellcaster FUKU XL, material, e zezë",Gjirafa50,149.5,Other
Dell Business Laptop Notebook Latitude 5310 2-in-1 i5-10210u 8GB 256GB SSD 1920x1280 Touchscreen Windows 11 (Refurbished),AmazonDE,333,Laptop
"Acer Aspire Go 15 (AG15-42P-R5ZD) Laptop, 15.6"" FHD IPS Display, AMD Ryzen 7 5825U, 32GB RAM, 1TB SSD, AMD Radeon Graphics, Windows 11, QWERTZ Keyboard, Silver",AmazonDE,649.99,Laptop
"HP Laptop with 17.3"" HD+ Display, Intel Celeron N4500120, 8GB DDR4 RAM, 256GB SSD, Intel UHD Graphics, Windows 11, QWERTZ Keyboard, Black",AmazonDE,369,Laptop
"HP Laptop, 15.6 Inch FHD Display, Intel N100, 4 GB DDR4 RAM, 128 GB UFS, Intel UHD Graphics, Windows 11 Home in S Mode, QWERTZ Keyboard, Natural Silver",AmazonDE,279,Laptop
"Apple 2024 MacBook Pro Laptop with M4 Pro Chip with 12-Core CPU and 16-Core GPU: 14.2 Inch Liquid Retina XDR Display, 24 GB Shared Memory, 512 GB SSD Memory; Space Black",AmazonDE,1885,Laptop
"mCover Nur kompatibel mit 15,6 Zoll HP Laptop 15-FCxxxx / 15-FDxxxx / 250 G10 Serie Windows Notebook-PC (nicht für andere HP-Laptop-Modelle) - Transparent",AmazonDE,28.99,Laptop
"Teamgee 15.6 Inch Laptop Screen Extender for All Laptops, 120% sRGB FHD 1080P Triple Portable Laptop Monitor Extension with Type-C USB HDMI Plug Play for Mac, Windows, Chrome, Android",AmazonDE,309.99,Laptop
Laptop Bag Laptop Briefcase Fits up to 15 15.6 16 Inch Laptop Expandable Water Resistant Shoulder Bag Shoulder Bag Carry Bag Notebook Bag PC Computer Bag,AmazonDE,23.99,Laptop
"Acodot 13-in-1 Universal Laptop Docking Station 2 Monitors with HDMI, VGA, DVI, 6X USB 3.0, Gigabit Ethernet, Audio Output/Input USB 3.0 Docking Station",AmazonDE,79.99,Laptop
"Acer Chromebook Plus 515 (CB515-2H-EU5) Laptop, Google ChromeOS Core, 15.6"" FHD IPS Display, Intel Core i3-1215U, 8GB RAM, 128GB SSD, Intel UHD Graphics, Grey",AmazonDE,423.09,Laptop
"2025 Latest 15.6 Inch FHD Laptop, 16 GB RAM, 512 GB SSD, Celeron 5205U, QWERTY Keyboard with Backlight, Fingerprint Reader, WiFi, HDMI, Notebook Computer for Business and Students",AmazonDE,299.99,Laptop
"HP Laptop with 17.3"" FHD Display, AMD Ryzen 7 7730U, 16GB DDR4 RAM, 512GB SSD, AMD Radeon Graphics, Windows 11, QWERTZ, Black with 25GB Dropbox Memory for 12 Months",AmazonDE,579,Laptop
ASUS Vivobook 16 Laptop | 16 Inch WUXGA Anti-Glare IPS Display | AMD Ryzen 5 7430U | 16 GB RAM | 512 GB SSD | AMD Radeon | Windows 11 | QWERTZ Keyboard (German Layout) | Cool Silver,AmazonDE,494.89,Laptop
ASUS Chromebook CX14 CX1405CTA Laptop | 14 Inch FHD 16:9 Display | Intel N150 | 4GB RAM | 128GB eMMC | Intel UHD | ChromeOS | QWERTZ | Quiet Blue,AmazonDE,249,Laptop
"Laptop 15.6 inch, 32GB DDR4 1TB SSD, Dual-Core 3050E (up to 2.80 GHz), Notebook with Fingerprint Sensor, Illuminated Keyboard, Double Speaker, HDMI, Laptop for Students and Office",AmazonDE,395,Laptop
"Acer Chromebook 314 (CBOA314-1H-C32M) Laptop, 14 Inch FHD Display, Intel Celeron N4500, 4 GB RAM, 128 GB SSD, Intel UHD Graphics, Google ChromeOS, QWERTY Keyboard, Black",AmazonDE,179.5,Laptop
"jumper Laptop 17.6 Inch 100% sRGB FHD Display, 16GB RAM 512GB SSD + 128GB eMMC, N95 CPU, QWERTZ Luminous Keyboard, WiFi 6, 7000mAh, Notebook for Students and Business",AmazonDE,479.99,Laptop
"Blackview Acebook 6 15.6 Inch Laptop for Business and Students, Quad Core N150 up to 3.6 GHz (Better than N95), 16GB DDR4 512GB SSD, FHD IPS Eye Protection, 100W Type-C, 4K HDMI, Bluetooth, WiFi 5",AmazonDE,339.99,Laptop
"HP Laptop with 17.3"" FHD Display, AMD Ryzen 5 7520U, 8GB DDR5 RAM, 512GB SSD, AMD Radeon Graphics, Windows 11, QWERTZ, Black with 25GB Dropbox Memory for 12 Months",AmazonDE,469,Laptop
"15.6 Inch Full HD Laptop, 32GB DDR4 RAM 1TB SSD, Quad-Core N95 Up to 3.4GHz with Fingerprint Unlock Notebook, Cooling Fan, Webcam, Dual Speakers, Mini HDMI, Student/Business Laptop - Pink",AmazonDE,335,Laptop
"Laptop 15.6 Inch (FHD IPS Display), Notebook with Fingerprint and Illuminated Keyboard, Rose Gold, 8GB RAM, 256GB SSD",AmazonDE,268.79,Laptop
"HP Laptop, 15.6 Inch FHD Display, Intel Core i3-N305, 8 GB DDR4 RAM, 512 GB SSD, Intel UHD Graphics, Windows 11 Home, QWERTZ Keyboard, Jet Black",AmazonDE,429,Laptop
"HP Laptop with 17.3"" FHD Display, Intel Core i7-1355U, 16GB DDR4 RAM, 1TB SSD, Intel Iris Graphics, Windows 11, QWERTZ, Silver with 25GB Dropbox Memory for 12 Months",AmazonDE,791.4,Laptop
"MSI Modern 15 Lifestyle & Business Laptop, 15.6 Inch Full HD Display, AMD Ryzen 5 7430U Processor, 16GB DDR4 RAM, 512GB SSD, AMD Radeon Graphics, Windows 11 Home, Black, B7M-463",AmazonDE,469.99,Laptop
ASUS Chromebook CX14 CX1405CTA Laptop | 14 Inch FHD 16:9 Display | Intel N150 | 4GB RAM | 128GB eMMC | Intel UHD | ChromeOS | QWERTZ | Quiet Blue,AmazonDE,249,Laptop
"Apple MacBook Air (13 inch, Apple M4 Chip with 10-Core CPU and 10-Core GPU, 16GB Shared Memory, 512GB) - Silver",AmazonDE,1118.3,Laptop
"Lenovo ThinkPad L380 Business Laptop, 13.3 Inch Notebook, Intel Core i5-8250U, 16GB RAM, 256GB SSD, Japanese Keyboard, Windows 11 Pro (Refurbished)",AmazonDE,194.65,Laptop
"2025 Latest 15.6 Inch FHD Laptop, 16 GB RAM, 512 GB SSD, Celeron 5205U, QWERTY Keyboard with Backlight, Fingerprint Reader, WiFi, HDMI, Notebook Computer for Business and Students",AmazonDE,299.99,Laptop
2025 Laptop 14 Inch Win11 Celeron N4020 256GB SSD Support 1TB (TF 512GB) Full Metal Notebook 1080P 5G WiFi Mini HDMI & Wireless Mouse Keyboard Film for Keyboard Gold,AmazonDE,239.99,Laptop
2025 Laptop 14 Inch Win11 Pro 4-Core Celeron N5095 (up to 2.9 GHz) 1920 x 1200 Notebook 8 + 256 GB SSD Support 1TB (TF-1TB) Cooling Fan Type-C German Keyboard Protector and Wireless Mouse Blue,AmazonDE,289.99,Laptop
ASUS Chromebook CX14 CX1405CTA Laptop | 14 Inch FHD 16:9 Display | Intel N150 | 4GB RAM | 128GB eMMC | Intel UHD | ChromeOS | QWERTZ | Quiet Blue,AmazonDE,249,Laptop
"Acer Chromebook Plus 515 (CB515-2H-EU5) Laptop, Google ChromeOS Core, 15.6"" FHD IPS Display, Intel Core i3-1215U, 8GB RAM, 128GB SSD, Intel UHD Graphics, Grey",AmazonDE,423.09,Laptop
"HP Laptop with 17.3"" HD+ Display, Intel Celeron N4500120, 8GB DDR4 RAM, 256GB SSD, Intel UHD Graphics, Windows 11, QWERTZ Keyboard, Black",AmazonDE,369,Laptop
"HP Laptop, 15.6 Inch FHD Display, Intel N100, 4 GB DDR4 RAM, 128 GB UFS, Intel UHD Graphics, Windows 11 Home in S Mode, QWERTZ Keyboard, Natural Silver",AmazonDE,279,Laptop
"Acer Nitro V 16S AI (ANV16S-41-R2K2) Gaming Laptop, 16 Inch WQXGA IPS 180Hz Display, AMD Ryzen 7 260, 16 GB RAM, 1 TB GB SSD, NVIDIA GeForce RTX 5060, Windows 11, QWERTZ Keyboard, Black",AmazonDE,1448,Laptop
"Laptop 15.6 inch, 32GB DDR4 1TB SSD, Dual-Core 3050E (up to 2.80 GHz), Notebook with Fingerprint Sensor, Illuminated Keyboard, Double Speaker, HDMI, Laptop for Students and Office",AmazonDE,395,Laptop
"Revolutionize Your Work with Double Laptop Screen - Plug and Play 14"" FHD 1080P IPS (macOS/Windows/Linux) - Triple Screen Monitor for Maximum Productivity",AmazonDE,399,Laptop
"2025 Latest 15.6 Inch FHD Laptop, 16 GB RAM, 512 GB SSD, Celeron 5205U, QWERTY Keyboard with Backlight, Fingerprint Reader, WiFi, HDMI, Notebook Computer for Business and Students",AmazonDE,299.99,Laptop
"mCover Nur kompatibel mit 15,6 Zoll HP Laptop 15-FCxxxx / 15-FDxxxx / 250 G10 Serie Windows Notebook-PC (nicht für andere HP-Laptop-Modelle) - Transparent",AmazonDE,28.99,Laptop
"ACEMAGIC Gaming Laptop - 2025 Latest 15.6"" FHD Display Laptop with AMD Ryzen 5 7430U Processor up to 4.3GHz, 16GB RAM DDR4, 512GB NVMe PCIe 3.0 SSD Gaming Notebook, Lightweight",AmazonDE,429.99,Laptop
"2025 Latest 15.6 Inch FHD Laptop, 16 GB RAM, 512 GB SSD, Celeron 5205U, QWERTY Keyboard with Backlight, Fingerprint Reader, WiFi, HDMI, Notebook Computer for Business and Students",AmazonDE,299.99,Laptop
"Apple 2024 MacBook Pro Laptop with M4 Pro Chip with 12-Core CPU and 16-Core GPU: 14.2 Inch Liquid Retina XDR Display, 24 GB Shared Memory, 512 GB SSD Memory; Space Black",AmazonDE,1885,Laptop
"HP Laptop with 17.3"" FHD Display, AMD Ryzen 7 7730U, 16GB DDR4 RAM, 512GB SSD, AMD Radeon Graphics, Windows 11, QWERTZ, Black with 25GB Dropbox Memory for 12 Months",AmazonDE,579,Laptop
"Laptop 15.6 inch, 32GB DDR4 1TB SSD, Dual-Core 3050E (up to 2.80 GHz), Notebook with Fingerprint Sensor, Illuminated Keyboard, Double Speaker, HDMI, Laptop for Students and Office",AmazonDE,395,Laptop
"ACEMAGIC 16"" FHD Display Laptop, Quad Core N-95 Processor up to 3.4GHz (Beat N5095), 16GB DDR4, 512GB SSD, Notebook Computer with Metal Case, Support WiFi, BT5.0, 3*USB3.2",AmazonDE,299.99,Laptop
ASUS Vivobook 16 Laptop | 16 Inch WUXGA Anti-Glare IPS Display | AMD Ryzen 5 7430U | 16 GB RAM | 512 GB SSD | AMD Radeon | Windows 11 | QWERTZ Keyboard (German Layout) | Cool Silver,AmazonDE,494.89,Laptop
"Acer Chromebook 314 (CBOA314-1H-C32M) Laptop, 14 Inch FHD Display, Intel Celeron N4500, 4 GB RAM, 128 GB SSD, Intel UHD Graphics, Google ChromeOS, QWERTY Keyboard, Black",AmazonDE,179.5,Laptop
"jumper Laptop 17.6 Inch 100% sRGB FHD Display, 16GB RAM 512GB SSD + 128GB eMMC, N95 CPU, QWERTZ Luminous Keyboard, WiFi 6, 7000mAh, Notebook for Students and Business",AmazonDE,479.99,Laptop
"Blackview Acebook 6 15.6 Inch Laptop for Business and Students, Quad Core N150 up to 3.6 GHz (Better than N95), 16GB DDR4 512GB SSD, FHD IPS Eye Protection, 100W Type-C, 4K HDMI, Bluetooth, WiFi 5",AmazonDE,339.99,Laptop
Dell Business Laptop Notebook Latitude 5310 2-in-1 i5-10210u 8GB 256GB SSD 1920x1280 Touchscreen Windows 11 (Refurbished),AmazonDE,333,Laptop
"Revolutionize Your Work with Double Laptop Screen - Plug and Play 14"" FHD 1080P IPS (macOS/Windows/Linux) - Triple Screen Monitor for Maximum Productivity",AmazonDE,399,Laptop
"HP Laptop with 17.3"" FHD Display, AMD Ryzen 5 7520U, 8GB DDR5 RAM, 512GB SSD, AMD Radeon Graphics, Windows 11, QWERTZ, Black with 25GB Dropbox Memory for 12 Months",AmazonDE,469,Laptop
"HP Laptop, 15.6 Inch FHD Display, Intel Core i3-N305, 8 GB DDR4 RAM, 512 GB SSD, Intel UHD Graphics, Windows 11 Home, QWERTZ Keyboard, Jet Black",AmazonDE,429,Laptop
"HP Laptop with 17.3"" FHD Display, Intel Core i7-1355U, 16GB DDR4 RAM, 1TB SSD, Intel Iris Graphics, Windows 11, QWERTZ, Silver with 25GB Dropbox Memory for 12 Months",AmazonDE,791.4,Laptop
"MSI Modern 15 Lifestyle & Business Laptop, 15.6 Inch Full HD Display, AMD Ryzen 5 7430U Processor, 16GB DDR4 RAM, 512GB SSD, AMD Radeon Graphics, Windows 11 Home, Black, B7M-463",AmazonDE,469.99,Laptop
ASUS Chromebook CX14 CX1405CTA Laptop | 14 Inch FHD 16:9 Display | Intel N150 | 4GB RAM | 128GB eMMC | Intel UHD | ChromeOS | QWERTZ | Quiet Blue,AmazonDE,249,Laptop
"Apple MacBook Air (13 inch, Apple M4 Chip with 10-Core CPU and 10-Core GPU, 16GB Shared Memory, 512GB) - Silver",AmazonDE,1118.3,Laptop
"2025 Latest 15.6 Inch FHD Laptop, 16 GB RAM, 512 GB SSD, Celeron 5205U, QWERTY Keyboard with Backlight, Fingerprint Reader, WiFi, HDMI, Notebook Computer for Business and Students",AmazonDE,299.99,Laptop
"Acer Aspire 16 AI (A16-11M-X1CW) AI Laptop, Copilot+ PC, 16 Inch WUXGA IPS 120Hz Display, Qualcomm Snapdragon X X1-26-100, 16GB RAM, 512GB SSD, Qualcomm Adreno GPU, Windows 11, QWERTZ Layout",AmazonDE,679.99,Laptop
2025 Laptop 14 Inch Win11 Celeron N4020 256GB SSD Support 1TB (TF 512GB) Full Metal Notebook 1080P 5G WiFi Mini HDMI & Wireless Mouse Keyboard Film for Keyboard Gold,AmazonDE,239.99,Laptop
"LG gram 17 Inch Laptop Lightweight Intel Lunar Lake Laptop Windows 11 Home, gram AI, Copilot + PC, gram Link, Anti-Glare WQXGA 16:10 IPS Display, 17Z90TL-G.AU8BG - Black",AmazonDE,1640.19,Laptop
"Microsoft Surface Laptop 3 15"" WQHD Touchscreen 2496x1664 pixels Ryzen 5 16GB RAM 256GB Black Windows 11 Home AMD Radeon RX Vega 11",AmazonDE,477,Smartphone
LG gram 17 Inch Laptop with Windows 11 Home Intel Core Ultra 7 Processor 16GB LPDDR5x RAM 1TB Dual SSD 17Z90TL-G.AU79G - Grey,AmazonDE,1284.32,Laptop
HP 250 - Silver (G10) - 15.6 Inch FHD - Core i7 1355U - RAM: 16GB - SSD: 1000GB - Windows 11 Pro # with Wireless Mouse + Notebook Bag,AmazonDE,751.09,Laptop
"Lenovo ThinkBook 14 G6 14 Inch Notebook, Intel i7-13700H, 32Gb Ram, 1Tb Ssd, Wuxga 1920 x 1200, Grey, Windows 11 Pro, Keyboard Qwertz German",AmazonDE,1014.38,Laptop
Inateck HB2027 - 7-in-1 USB 3.2 Gen 2 Hub with HDMI Port - SD/TF Card Slot - HB2027,ButonKS,7000,Storage
"Dell Pro 16 PC16250 – Laptop 16″ FHD+ (Intel Core 3 100U, 8GB DDR5, 512GB SSD, Wi‑Fi 6E, Windows 11 Pro, Black)",ButonKS,1.017,Laptop
"Dell Pro 14 PC14250 – Laptop 14″ FHD+ (Intel Core Ultra 7 265U, 16GB DDR5, 512GB SSD, Wi‑Fi 6E, Windows 11 Pro, Platinum)",ButonKS,1.495,Laptop
"Dell Pro 14 PC14250 – Laptop 14″ FHD+ (Intel Core Ultra 7 255U, 16GB DDR5, 512GB SSD, Wi‑Fi 6E, Windows 11 Pro, Platinum)",ButonKS,1.45,Laptop
"ASUS Vivobook 18 M1807HA-S8026W – Laptop 18.4″ WUXGA IPS 144Hz (AMD Ryzen 7 260, 16GB DDR5, 512GB SSD, Radeon Graphics, Windows 11, Quiet Blue)",ButonKS,1.18,Laptop
StarTech.com - hub - 4 ports,ButonKS,4400,Other
"StarTech.com 4-Port USB 2.0 Hub, USB Bus Powered, Small Travel Mini USB Hub, USB 2.0 Splitter, Multi-Port Portable USB Hub, 480Mbps, Overcurrent Protection (OCP) - hub - 4 ports",ButonKS,2700,Storage
"StarTech.com - screen protector for mobile phone - 4-way, privacy filter, for portrait/landscape, touch-enabled, +/-30° view",ButonKS,7400,Other
"StarTech.com USB-C to USB-A Adapter, USB 5Gbps, Compact USB-C Male to USB-A Female Adapter, Durable Metal Housing, M/F - USB-C adapter - 24 pin USB-C to USB",ButonKS,1600,Storage
StarTech.com - hub - 4 ports,ButonKS,12000,Other
"LG gram 17 Inch Laptop Lightweight Intel Lunar Lake Laptop Windows 11 Home, gram AI, Copilot + PC, gram Link, Anti-Glare WQXGA 16:10 IPS Display, 17Z90TL-G.AU8BG - Black",AmazonDE,1640.19,Laptop
"Microsoft Surface Laptop 3 15"" WQHD Touchscreen 2496x1664 pixels Ryzen 5 16GB RAM 256GB Black Windows 11 Home AMD Radeon RX Vega 11",AmazonDE,477,Smartphone
LG gram 17 Inch Laptop with Windows 11 Home Intel Core Ultra 7 Processor 16GB LPDDR5x RAM 1TB Dual SSD 17Z90TL-G.AU79G - Grey,AmazonDE,1284.32,Laptop
HP 250 - Silver (G10) - 15.6 Inch FHD - Core i7 1355U - RAM: 16GB - SSD: 1000GB - Windows 11 Pro # with Wireless Mouse + Notebook Bag,AmazonDE,751.09,Laptop
"Lenovo ThinkBook 14 G6 14 Inch Notebook, Intel i7-13700H, 32Gb Ram, 1Tb Ssd, Wuxga 1920 x 1200, Grey, Windows 11 Pro, Keyboard Qwertz German",AmazonDE,1014.38,Laptop
Xhezve elektrike Joy Delimano,TopShopKS,39.9,Other
Qëruese 3në1 Brava Delimano,TopShopKS,9.9,Other
Robot kuzhine Pro,TopShopKS,199.9,Other
Pajisje për zierje vezësh Delimano,TopShopKS,29.9,Other
Grirërse manuale Brava Delimano,TopShopKS,9.9,Other
Spërkatës vaji Brava Delimano,TopShopKS,14.9,Other
Tigan elektrik për pallaqinka Delimano,TopShopKS,29.9,Other
"Fritezë pa vaj, Deluxe Delimano",TopShopKS,149.9,Other
Air Fryer Prime,TopShopKS,99.9,Other
Shtrydhëse frutash Dolcevita,TopShopKS,99.9,Other
Tenxhere me presion Delimano Multicooker,TopShopKS,169.9,Other
"Blender për smoothie, Dolcevita",TopShopKS,49.9,Other
Nutrilife Delimano,TopShopKS,99.9,Other
Gotë me kapak Nutrilife Delimano,TopShopKS,7.9,Other
Teh për bluarje (2-tehe) Delimano,TopShopKS,9.9,Other
Kapak Nutrilife Delimano,TopShopKS,4.9,Other
Teh i dyfishtë për bluarje Nutrilife Delimano,TopShopKS,9.9,Other
Nutrilife Set 5 Pjesë Delimano,TopShopKS,119.9,Other
Kapak Nutrilife për Pirje Delimano,TopShopKS,4.9,Other
"Iiyama ProLite XUB2293HS-B3 - monitor - 21.5""",ButonKS,12771,Monitor
"AMD Ryzen 7 7800X3D, RTX 5060 Ti 16GB GDDR7, 32GB DDR5 6000MHz, 1TB NVMe SSD, B650M Chipset - Buton Beast Series Infinita ARGB Edition",ButonKS,1.569,Storage
"AMD Ryzen 9 7900X3D, RTX 5070 12GB GDDR7, 32GB DDR5 5600MHz, 1TB NVMe SSD, B850 Chipset - Buton Beast Series H9 Flow RGB Edition",ButonKS,2.359,Storage
Logitech G PRO X SUPERLIGHT 2 - mouse - gaming - 2.4 GHz - pink,ButonKS,17406,Computer Accessories
Logitech G PRO X SUPERLIGHT 2 - mouse - gaming - 2.4 GHz - white,ButonKS,17406,Computer Accessories
Logitech G PRO X SUPERLIGHT 2 - mouse - gaming - 2.4 GHz - black,ButonKS,17900,Computer Accessories
"Buton AI Workstation Series NovaFlow Edition - AMD Ryzen Threadripper 9960X, RTX 5090 32GB GDDR7, 128GB DDR5 ECC 5600MHz, 4TB NVMe Gen5 SSD, TRX50 Chipset",ButonKS,11,Storage
"AMD Ryzen 5 7500X3D, RTX 5060 Ti 16GB GDDR7, 16GB DDR5 5200MHz, 1TB NVMe SSD, B650M Chipset - Buton Beast Series Infinita ARGB Edition",ButonKS,1.259,Storage
"AMD Ryzen 7 7700, RTX 5060 Ti 16GB GDDR7, 16GB DDR5 5200MHz, 1TB NVMe SSD, B650M Chipset - Buton Beast Series Black Horizon Edition",ButonKS,1.279,Storage
"AMD Ryzen 7 9800X3D, RTX 5060 Ti 16GB GDDR7, 16GB DDR5 5200MHz, 1TB NVMe SSD, B650M Chipset - Buton Beast Series Black Horizon Edition",ButonKS,1.499,Storage
"AMD Ryzen 5 7500X3D, RTX 5070 12GB GDDR7, 16GB DDR5 5200MHz, 1TB NVMe SSD, B650M Chipset - Buton Beast Series Black Horizon Edition",ButonKS,1.399,Storage
"Buton Beast Series Black Horizon Edition + Alienware 320Hz - AMD Ryzen 5 7500X3D, RTX 5060 8GB GDDR7, 16GB DDR5 5200MHz, 500GB NVMe SSD, B650M Chipset",ButonKS,1.269,Storage
"Buton Beast Series Horizon ARGB + Alienware 320Hz Bundle - AMD Ryzen 7 8700F, RTX 5060 8GB GDDR7, 16GB DDR5 5200MHz, 500GB NVMe SSD, B650 Chipset",ButonKS,1.222,Storage
"Intel Core i5-14600KF, RTX 5070 12GB GDDR7, 32GB DDR5 6000MHz, 1TB NVMe SSD, B760 Chipset - Buton Beast Series Flow RGB Edition",ButonKS,1.669,Storage
"AMD Ryzen 5 9600X, RTX 5070 12GB GDDR7, 32GB DDR5 6000MHz, 1TB NVMe SSD, B650 Chipset - Buton Beast Series Flow RGB Edition",ButonKS,1.699,Storage
"Intel Core i9-12900KF, RTX 5060 8GB GDDR7, 16GB DDR5 6000MHz, 1TB NVMe, B760 - Buton FrostFire Gaming PC",ButonKS,1.299,Other
"AMD Ryzen 7 7700, RTX 5060 8GB GDDR7, 16GB DDR5 6000MHz, 1TB NVMe SSD, B650 Chipset - Buton Beast Series Black Horizon Edition",ButonKS,1.149,Storage
"AMD Ryzen 7 9800X3D, RTX 5060 8GB GDDR7, 16GB DDR5 6000MHz, 1TB NVMe SSD, B650 Chipset - Buton Beast Series Black Horizon Edition",ButonKS,1.399,Storage
"AMD Ryzen 7 9800X3D, RTX 5070 12GB GDDR7, 32GB DDR5 6000MHz, 1TB NVMe SSD, B650 Chipset, Liquid Cooling - Buton Beast Series Darkfire Edition",ButonKS,1.999,Storage
"Buton FrostFire Gaming PC - Ryzen 5 7600X, RTX 5060 8GB GDDR7, 16GB DDR5 6000MHz, 1TB NVMe, A620M",ButonKS,1.111,Other
"Bundle [Buton FrostFire PHANTOM End-Year Edition] - Intel Core i5-14600KF, RTX 5060 8GB GDDR7, 16GB DDR5 6000MHz, 1TB NVMe, B760M - Legion 25-10 - 24.5"", LED, FHD, 320Hz",ButonKS,1.399,Other
"Buton FrostFire Gaming PC - Intel Core i5-14600KF, RTX 5060 8GB GDDR7, 32GB DDR4, 1TB NVMe, B760M",ButonKS,1.199,Other
"Buton FrostFire Gaming PC - Ryzen 5 9600X, RTX 5060 8GB GDDR7, 16GB DDR5 6000MHz, 1TB NVMe, B650",ButonKS,1.199,Other
"Buton FrostFire Gaming PC - Ryzen 7 8700F, RTX 5060 8GB GDDR7, 16GB DDR5 6000MHz, 1TB NVMe, Liquid Cooling",ButonKS,1.229,Other
"Buton FrostFire Gaming PC - Ryzen 7 7800X3D, RTX 5060 8GB GDDR7, 16GB DDR5 6000MHz, 1TB NVMe, Liquid Cooling",ButonKS,1.399,Other
"LG Monitor UltraGear 34GX900A-B - 34"" - monitor - curved - Black",ButonKS,1.40137,Monitor
"Samsung QB13R-M QBR Series - 13"" LED display unit - Full HD - for digital signage",ButonKS,1.15612,Monitor
"Samsung Odyssey OLED G8 S27FG812SU - G81SF Series - OLED monitor - 27"" - HDR",ButonKS,1.11953,Monitor
"Samsung Odyssey 3D S27FG900XU - G90XF Series - LED monitor - 27"" - HDR",ButonKS,1.75002,Monitor
"Samsung Odyssey OLED G6 S27FG602SU - G60SF Series - OLED monitor - QHD - 27"" - HDR",ButonKS,1.0924,Monitor
"Samsung Odyssey 3D S27FG904XU - G90XF Series - LED monitor - 27"" - HDR",ButonKS,2.00837,Monitor
"GIGABYTE A16 3TH - Laptop Gaming 16″ FHD+ 165Hz (AMD Ryzen 7 260, RTX 5050 8GB, 16GB RAM, 512GB SSD, Backlit Keyboard, 300 nits)",ButonKS,1.029,Laptop
Razer Cobra HyperSpeed - mouse,ButonKS,14823,Computer Accessories
Razer Basilisk Mobile - mouse - black,ButonKS,12824,Computer Accessories
HP 200 - mouse - 2.4 GHz - red,ButonKS,1414,Computer Accessories
Logitech Hyperion Fury G402 - mouse - USB,ButonKS,5778,Computer Accessories
Logitech G G305 - mouse - 2.4 GHz - black,ButonKS,5503,Computer Accessories
Razer Cobra Pro - mouse - gaming - USB - white,ButonKS,17497,Computer Accessories
Razer DeathAdder Essential - mouse - USB,ButonKS,2749,Computer Accessories
"HyperX Pulsefire Haste 2 - mouse - 2.4 GHz, Bluetooth 5.0, USB - white",ButonKS,9648,Computer Accessories
Logitech G G413 TKL SE - keyboard - QWERTY - US International - black,ButonKS,9770,Computer Accessories
Logitech G G515 - keyboard - LIGHTSPEED TKL - QWERTY - US International - white,ButonKS,16506,Computer Accessories
Logitech G G713 - keyboard - tenkeyless - QWERTY - US International - white,ButonKS,18064,Computer Accessories
Logitech Gaming G440 - mouse pad,ButonKS,4444,Computer Accessories
Mauspad Lenovo Legion Gaming Control L - gri,ButonKS,1850,Other
Mousepad Razer Gigantus V2 Large (450 x 400 x 3 mm),ButonKS,3500,Computer Accessories
Mousepad ASUS ROG Scabbard II (900 x 440 x 3mm),ButonKS,7850,Computer Accessories
Mousepad ASUS ROG Sheath (900x440x3mm),ButonKS,4900,Computer Accessories
Mousepad NZXT MXL900 (900x350x3mm),ButonKS,4900,Computer Accessories
Mousepad NZXT MXL900 (900x350x3mm),ButonKS,4900,Computer Accessories
Mousepad GIGABYTE AORUS AMP900 (900x360x3mm),ButonKS,4990,Computer Accessories
​Mousepad ASUS TUF Gaming P1 (360x260x2mm),ButonKS,1750,Computer Accessories
Mousepad ASUS ROG Scabbard II (900x400x3mm),ButonKS,5000,Computer Accessories
Mousepad YENKEE YPM 9040GY Office Pad XXL (900x400x4mm),ButonKS,2900,Computer Accessories
Logitech Zone 300 - headset,ButonKS,11480,Computer Accessories
Logitech Zone 300 - headset,ButonKS,10271,Computer Accessories
Razer BlackShark V3 X HyperSpeed - Headset - Black,ButonKS,18726,Other
ASUS ROG Asymmetry Wind breaker Size L (Nylon),ButonKS,7950,Other
ASUS ROG Asymmetry Wind breaker size M (Nylon),ButonKS,7950,Other
Webcam Logitech BRIO 100 - E rozë,ButonKS,9900,Computer Accessories
Webcam ASUS C3 - E zezë,ButonKS,8500,Other
Webcam Logitech C930e - E zezë,ButonKS,12900,Computer Accessories
Webcam Logitech C925e – E zezë,ButonKS,14400,Computer Accessories
"Mikrofon me aksesorë Yenkee YMC 1031 - USB, e zezë",ButonKS,6990,Storage
"Mikrofon Yenkee YMC 1040 SCOUT - USB, e zezë",ButonKS,2500,Storage
"Mikrofon YENKEE YMC 1011BK - 3.5mm, e zezë",ButonKS,990,Other
"Mikrofon YENKEE YMC 1060 ALIEN - USB, e zezë",ButonKS,5500,Storage
SPC Gear SM900T Streaming Microphone,ButonKS,8800,Other
Logitech Driving Force Shifter - gear shift lever,ButonKS,9200,Computer Accessories
MacBook Pro Z1FE 35.97cm 14.2Zoll StD M4 Pro 14C CPU/20C GPU/16C N.E. 48GB 512GB SSD 96W USB-C DE Schwarz,ButonKS,3.033,Laptop
"Apple - USB-C cable - USB-C to - 1m, e bardhë",ButonKS,3150,Storage
MACBOOK AIR 13 M4 10C/10C/16C,ButonKS,1.239,Laptop
Apple Mac mini M4 - 32 GB - SSD 1 TB,ButonKS,1.7,Storage
"Apple MacBook Air: Apple M4 chip with 10-core CPU and 10-core GPU, 16GB, 512GB SSD - Midnight",ButonKS,1.50402,Laptop
MACBOOK AIR 13 M4 10C/8C/16C,ButonKS,1.095,Laptop
MacBook Air Z1H2 38.91cm 15.3Zoll M4 10C CPU/10C GPU/16C N.E. 24GB 512GB SSD 70W USB-C DE - Mitternacht,ButonKS,1.89,Laptop
MACBOOK AIR 13 M4 10C/8C/16C,ButonKS,1.114,Laptop
MacBook Pro Z1FE 35.97cm 14.2Zoll StD M4 Pro 12C CPU/16C GPU/16C N.E. 48GB 1TB SSD 70W USB-C DE Schwarz,ButonKS,3.033,Laptop
MacBook Air Z1H1 38.91cm 15.3Zoll M4 10C CPU/10C GPU/16C N.E. 32GB 1TB SSD 35W Dual USB-C DE - Polarstern,ButonKS,2.387,Laptop
MACBOOK AIR 13 M4 10C/10C/16C,ButonKS,1.841,Laptop
iMac Z1EH 59.62cm 23.5Zoll Standardglas M4 10C CPU/10C GPU/16C N.E. 16GB 512GB SSD Gbit Eth MM NumKey TID DE Silber,ButonKS,2.019,Storage
MacBook Air Z1GS 34.46cm 13.6Zoll M4 10C CPU/10C GPU/16C N.E. 24GB 512GB SSD 70W USB-C DE - Silber,ButonKS,1.591,Laptop
MACBOOK AIR 13 M4 10C/10C/16C,ButonKS,2.09,Laptop
MBP 14 M4P 12/16/16 24GB 512GB,ButonKS,2.288,Other
MacBook Air Z1DH 38.91cm 15.3Zoll M4 10C CPU/10C GPU/16C N.E. 16GB 1TB SSD 70W USB-C DE - Mitternacht,ButonKS,1.89,Laptop
MacBook Air 15 Mitternacht CTO M4 10?Core CPU 10?Core GPU (32GB.1TB.70W),ButonKS,2.399,Laptop
MacBook Air Z1H0 38.91cm 15.3Zoll M4 10C CPU/10C GPU/16C N.E. 24GB 512GB SSD 70W USB-C DE - Silber,ButonKS,1.89,Laptop
"Apple 24-inch iMac with Retina 4.5K display: Apple M4 chip with 10-core CPU and 10-core GPU, 16GB, 256GB SSD - Blue",ButonKS,1.741,Monitor
MAC MINI M4 10/10/16 24GB 1TB,ButonKS,1.443,Other
MacBook Air Z1HD 38.91cm 15.3Zoll M4 10C CPU/10C GPU/16C N.E. 32GB 1TB SSD 35W Dual USB-C DE - Himmelblau,ButonKS,2.38682,Laptop
MacBook Air Z1H2 38.91cm 15.3Zoll M4 10C CPU/10C GPU/16C N.E. 32GB 512GB SSD 70W USB-C DE - Mitternacht,ButonKS,2.138,Laptop
"Apple MacBook Air: Apple M4 chip with 10-core CPU and 10-core GPU, 16GB, 512GB SSD - Sky Blue",ButonKS,1.54717,Laptop
MACBOOK AIR 13 M4 10C/10C/16C,ButonKS,1.59195,Laptop
Apple iPhone Air 1TB Cloud White,ButonKS,1.999,Smartphone
Apple iPhone Air 512GB Cloud White,ButonKS,1.699,Smartphone
Apple iPhone Air 256GB Cloud White,ButonKS,1.399,Smartphone
Apple iPhone Air 256GB Sky Blue,ButonKS,1.399,Smartphone
Apple iPhone Air 512GB Sky Blue,ButonKS,1.699,Smartphone
Apple iPhone Air 1TB Sky Blue,ButonKS,1.999,Smartphone
Apple iPhone Air 512GB Light Gold,ButonKS,1.699,Smartphone
Apple iPhone Air 256GB Light Gold,ButonKS,1.399,Smartphone
Apple iPhone Air 1TB Light Gold,ButonKS,1.999,Smartphone
Apple iPhone Air 1TB Space Black,ButonKS,1.999,Smartphone
Apple iPhone Air 512GB Space Black,ButonKS,1.699,Smartphone
Apple iPhone Air 256GB Space Black,ButonKS,1.399,Smartphone
Apple iPhone 17 Pro Max 2TB Deep Blue,ButonKS,2.849,Smartphone
Apple iPhone 17 Pro Max 2TB Cosmic Orange,ButonKS,2.849,Smartphone
Apple iPhone 17 Pro Max 2TB Silver,ButonKS,2.849,Smartphone
Apple iPhone 17 Pro Max 1TB Deep Blue,ButonKS,2.249,Smartphone
Apple iPhone 17 Pro Max 1TB Cosmic Orange,ButonKS,2.249,Smartphone
Apple iPhone 17 Pro Max 1TB Silver,ButonKS,2.249,Smartphone
Apple iPhone 17 Pro 1TB Deep Blue,ButonKS,2.099,Smartphone
Apple iPhone 17 Pro 1TB Cosmic Orange,ButonKS,2.099,Smartphone
Apple iPhone 17 Pro 1TB Silver,ButonKS,2.099,Smartphone
Apple iPhone 17 Pro Max 512GB Deep Blue,ButonKS,1.999,Smartphone
Apple iPhone 17 Pro Max 512GB Cosmic Orange,ButonKS,1.999,Smartphone
Apple iPhone 17 Pro Max 512GB Silver,ButonKS,1.999,Smartphone
Apple 20W USB-C Power Adapter,ButonKS,3500,Storage
Apple Pencil 2nd Generation - Stylus for tablet,ButonKS,15880,Tablet
Apple Lightning cable - Lightning / USB - 1 m,ButonKS,2400,Storage
Apple Lightning cable - Lightning / USB - 50 cm,ButonKS,2300,Storage
Apple Lightning cable - Lightning / USB - 2 m,ButonKS,4450,Storage
Apple - USB-C cable - 24 pin USB-C to 24 pin USB-C - 1 m,ButonKS,3150,Storage
"Apple AirTag - Anti-loss Bluetooth tag for mobile phone, tablet",ButonKS,5780,Tablet
Apple iPhone 16 Pro - Silicone Case with MagSafe - Lake green,ButonKS,6950,Smartphone
Apple iPhone 16 Pro Max - Silicone Case with MagSafe - Ultramarine,ButonKS,6950,Smartphone
Apple iPhone 16 Pro - Silicone Case with MagSafe - Black,ButonKS,6950,Smartphone
Apple USB-C to Lightning Cable - Lightning cable - Lightning / USB - 1 m,ButonKS,2690,Storage
Apple USB-C Charge Cable - USB Cable 2M,ButonKS,3150,Storage
Apple 20W USB-C Power Adapter,ButonKS,3500,Storage
Apple AirTag Loop (White),ButonKS,4100,Other
Apple HomePod mini - Smart speaker (Orange),ButonKS,17900,Other
Apple USB-C to Lightning Cable 2M,ButonKS,4450,Storage
"Apple USB-C to USB-C, Charge Cable - 2M USB Cable",ButonKS,3150,Storage
"Power adapter Apple MagSafe - 85Watt for MacBook Pro 15""",ButonKS,11900,Laptop
"HP ZBook 8 G1ak Copilot+ PC AMD Ryzen AI 7 PRO 350 Mobile workstation 35.6 cm (14"") WUXGA 16 GB DDR5-SDRAM 1 TB SSD Wi-Fi 7 (802.11be) Windows 11 Pro AI Workstation, AI PC Silver",ButonKS,1.899,Storage
"HP ZBook Ultra 14 G1a Ryzen AI MAX PRO 390 14.0""WUXGA IPS 400nits AG 32GB LPDDR5x-8533 SSD1TB Radeon 8050S Cam IR 5 MPx 74,5Wh W11Pro 3Y OnSite",ButonKS,2.479,Storage
"HP ZBook 8 G1i Intel Core Ultra 7 255H Mobile workstation 35.6 cm (14"") WUXGA 16 GB DDR5-SDRAM 1 TB SSD NVIDIA RTX 500 Ada Wi-Fi 7 (802.11be) Windows 11 Pro AI Workstation, AI PC Silver",ButonKS,2.167,Storage
"HP ZBook 8 G1ak Copilot+ PC AMD Ryzen AI 7 PRO 350 Mobile workstation 35.6 cm (14"") WUXGA 32 GB DDR5-SDRAM 1 TB SSD Wi-Fi 7 (802.11be) Windows 11 Pro AI Workstation, AI PC Silver",ButonKS,2.011,Storage
"HP Omen 16‑AE0073CL – Gaming Laptop 16.1″ FHD 144Hz (Intel Core i7‑14650HX, GeForce RTX 4060 8GB, 32GB RAM, 1TB SSD, Windows 11, Silver)",ButonKS,1.487,Laptop
"ASUS Vivobook 16X K3605VU-WS96 Intel® Core™ i9 i9-13900H Laptop 40.6 cm (16"") WUXGA 16 GB DDR4-SDRAM 1 TB SSD NVIDIA GeForce RTX 4050 Wi-Fi 6E (802.11ax) Windows 11 Home Silver New Repack/Repacked",ButonKS,1.306,Laptop
"Lenovo ThinkPad X13 2-in-1 Gen 5 - Hybrid Laptop 13.3″ Touchscreen WUXGA (Intel Core Ultra 5 125U, 16GB RAM, 512GB SSD, Wi-Fi 6E, Windows 11 Pro, Black)",ButonKS,1.793,Laptop
"Lenovo ThinkPad P16v Gen 1 (AMD) - Laptop 16″ WUXGA (AMD Ryzen 7 PRO 7840HS, 16GB RAM, 512GB SSD, Wi-Fi 6E, Windows 11 Pro, Black)",ButonKS,1.473,Laptop
"Lenovo ThinkPad T14 Gen 5 (Intel) - Laptop 14″ Touchscreen WUXGA (Intel Core Ultra 7 155U, 16GB RAM, 1TB SSD, Wi-Fi 6E, Windows 11 Pro, Black)",ButonKS,2.074,Laptop
"Lenovo ThinkPad L14 Gen 5 (AMD) - Laptop 14″ WUXGA (AMD Ryzen 7 PRO 7735U, 16GB RAM, 512GB SSD, Wi-Fi 6E, Windows 11 Pro, Black)",ButonKS,1.387,Laptop
"Lenovo ThinkPad T14s Gen 6 (AMD) Copilot+ PC - Laptop 14″ Touchscreen WUXGA (AMD Ryzen AI 7 PRO 360, 32GB RAM, 1TB SSD, Wi-Fi 7, Windows 11 Pro, Black)",ButonKS,2.336,Laptop
"Lenovo ThinkPad T14 Gen 6 (Intel) Copilot+ PC - Laptop 14″ WUXGA (Intel Core Ultra 7 258V, 32GB RAM, 1TB SSD, Wi-Fi 7, Windows 11 Pro, Black)",ButonKS,2.228,Laptop
"Lenovo ThinkPad E14 Gen 7 (AMD) - Laptop 14″ WUXGA (AMD Ryzen 5 220, 16GB RAM, 512GB SSD, Wi-Fi 6E, Windows 11 Pro, Black)",ButonKS,1.22,Laptop
Lenovo Go Tech - Accessories Organizer equipment case - Grey,ButonKS,6500,Other
Vention KRM 20l laptop backpack - black,ButonKS,4100,Laptop
"Lenovo Casual Toploader T210 - notebook carrying case - 15.6"" - Black",ButonKS,4700,Laptop
XD DESIGN LAPTOP SLEEVE 14 - Black,ButonKS,3800,Laptop
"Defender Geek - notebook carrying bag - 15.6"" - Black",ButonKS,3700,Laptop
"Addison 15,6"" CORNELL 15 notebook bag - Black",ButonKS,3900,Laptop
"Addison 309015 notebook case - 15.6"" - Black",ButonKS,3800,Laptop
"Addison 300215 - notebook case - 15.6"" - Black",ButonKS,2500,Laptop
"HP Protective - notebook sleeve - 14.1"" - Mauve",ButonKS,3000,Laptop
"HP Everyday - notebook carrying case - 16.1"" - odyssey grey",ButonKS,3900,Laptop
Terra PAD 1200/1006/V2 – 15W USB-C Power Adapter – EU Plug,ButonKS,4500,Storage
TERRA Netzteil TERRA PAD 1200 UK,ButonKS,4500,Other
Terra NB Mobile 1470/T/U – 65W Slim Power Adapter – 2-Pin – EU Optional Cable,ButonKS,12200,Other
"Terra 1480238 – 150W Power Adapter – 19.5V / 7.7A – Indoor – 100–240V, 50–60Hz",ButonKS,12200,Other
Wortmann Terra PAD 1062/1006 – USB-C Power Adapter – EU Plug,ButonKS,3300,Storage
LC Power LC-NB-PRO-90-C power adapter - 24 pin USB-C - 90 Watt,ButonKS,6310,Storage
"DICOTA power adapter - universal - 2 x USB-C, USB - 65 Watt",ButonKS,8600,Storage
LC Power LC-NB-PRO-90 - power adapter - 90 Watt,ButonKS,5927,Other
Lenovo ThinkPad 65W AC Adapter (Slim Tip) - power adapter - 65 Watt - Lenovo Campus,ButonKS,4250,Other
FSP FSP090-DBBN3 - power adapter - 90 Watt,ButonKS,8213,Other
StarTech.com - hub - 4 ports,ButonKS,7300,Other
StarTech.com - hub - 4 ports,ButonKS,9600,Other
StarTech.com - hub - 3 ports,ButonKS,8100,Other
StarTech.com - hub - 4 ports,ButonKS,11400,Other
StarTech.com USB 3.0 Peripheral Sharing Switch - 4 USB 3.0 x 4 Computers - Mac / Windows / Linux - USB A/B Switch - USB Switch (HBS304A24A) - hub - 4 ports,ButonKS,17400,Storage
"Lenovo Legion PRO 34WD-10 - OLED monitor - curved - 34"" - HDR",ButonKS,1.231,Monitor
ASSMANN - serial cable - DB-9 to DB-9 - 2 m,ButonKS,1200,Other
Delock Adapter HDMI male > DVI 24+5 pin female - adapter - HDMI / DVI,ButonKS,1500,Other
Delock Adapter Displayport male > HDMI female - adapter - DisplayPort / HDMI - 12.5 cm,ButonKS,4300,Monitor
Delock DisplayPort adapter - 21 cm,ButonKS,2800,Monitor
Delock Adapter HDMI-A male > VGA female - adapter,ButonKS,4700,Other
Delock - DisplayPort cable - DisplayPort to DisplayPort - 1 m,ButonKS,2600,Monitor
Delock - DisplayPort cable - DisplayPort to DisplayPort - 2 m,ButonKS,3000,Monitor
NewStar FPMA-C020 - bracket (full-motion),ButonKS,12300,Other
Delock DisplayPort cable - 1 m,ButonKS,4588,Monitor
Club 3D adapter cable - DisplayPort / HDMI - 1.8 m,ButonKS,9700,Monitor
"ASUS ROG Strix XG32UCWG - OLED monitor - 4K - 32"" - HDR",ButonKS,1.096,Monitor
Equip Life adapter cable - HDMI / DVI - 10 m,ButonKS,4600,Other
StarTech.com Wall Mount Workstation - mounting kit - workstation - for flat panel - black,ButonKS,1.187,Other
"ASUS ROG Strix OLED XG27UCDMG - OLED monitor - 4K - 27"" - HDR",ButonKS,1.169,Monitor
"Dell SE2425HG - LED monitor - Full HD (1080p) - 24""",ButonKS,13639,Monitor
"ASUS ROG Strix OLED XG27AQDPG - OLED monitor - QHD - 27"" - HDR",ButonKS,1.25,Monitor
"AOC 27B3HA2 – 27"" FHD IPS Monitor, 75Hz, Frameless Design",ButonKS,12396,Monitor
"BenQ GW2790 – 27"" FHD IPS Monitor, Eye-Care, 75Hz",ButonKS,14696,Monitor
"ASUS ROG Swift OLED PG32UCDMZ - OLED monitor - 4K - 32"" - HDR",ButonKS,1.304,Monitor
"ASUS ROG Swift OLED PG32UCDMR - OLED monitor - 4K - 32"" - HDR",ButonKS,1.648,Monitor
"ASUS ROG Strix XG32UCDS - OLED monitor - 4K - 32"" - HDR",ButonKS,1.072,Monitor
Neomounts PLASMA-M2250 cart - motorised - for flat panel - silver,ButonKS,1.39721,Other
Neomounts WL40S-950BL18 mounting kit - heavy-duty - for flat panel - full motion - black,ButonKS,12100,Other
NewStar PLASMA-M2500 - cart (motorised),ButonKS,1.72243,Other
Neomounts FPMA-D550DV mounting kit - for 2 LCD displays - black,ButonKS,11400,Monitor
Neomounts FPMA-D550DDV stand - for 2 LCD displays - black,ButonKS,10787,Monitor
Neomounts DS60-425BL1 mounting kit - full-motion adjustable arm - for LCD display - black,ButonKS,12694,Monitor
Club 3D - DisplayPort cable - DisplayPort to DisplayPort - 1.2 m,ButonKS,6400,Monitor
Delock High Speed HDMI with Ethernet - HDMI extension cable with Ethernet - 3 m,ButonKS,2800,Other
Club 3D - DisplayPort cable - DisplayPort to DisplayPort - 4 m,ButonKS,8900,Monitor
Delock High Speed HDMI with Ethernet - HDMI cable with Ethernet - 10 m,ButonKS,9615,Other
Club 3D HDMI cable - 4 m,ButonKS,7200,Other
ASSMANN VGA cable - 1.8 m,ButonKS,1200,Other
Equip HD15 VGA Extension Cable - 15m,ButonKS,4300,Other
Equip HD15 VGA Extension Cable - 20m,ButonKS,5800,Other
ASSMANN HDMI splitter - 20 cm,ButonKS,2400,Other
"i-Tec USB-C Metal Nano Dock HDMI/VGA with LAN + Power Delivery 100 W - docking station - USB-C / Thunderbolt 3 - VGA, HDMI - 1GbE",ButonKS,11900,Storage
Sapphire B650M-E - motherboard - micro ATX - Socket AM5 - AMD B650,ButonKS,12300,Other
Sapphire PULSE B850M WIFI AMD B850 - motherboard - AM5 - micro ATX,ButonKS,16900,Networking
Sapphire PULSE A620AM AMD A620A - motherboard - AM5 - micro ATX,ButonKS,11400,Other
G.Skill Aegis F4-2400C17S-16GIS memory module 16 GB 1 x 16 GB DDR4 2400 MHz,ButonKS,15800,Other
GOODRAM IRDM X 16GB (2x8GB) 3200MHz CL16 - IR-X3200D464L16SA/16GDC Black,ButonKS,18100,Other
Patriot Memory Viper Venom PVVR564G600C30K memory module 64 GB 2 x 32 GB DDR5 6000 MHz,ButonKS,1.521,Other
G.Skill Ripjaws M5 RGB F5-6000J3636F32GX2-RM5NRK memory module 64 GB 2 x 32 GB DDR5,ButonKS,1.106,Other
G.Skill Trident Z5 RGB F5-6000J3444F64GX2-TZ5RK memory module 128 GB 2 x 64 GB DDR5 5600 MT/s,ButonKS,2.463,Other
Patriot Viper Elite5 Ultra DDR5 64 GB (2x32GB) 6000MHz CL28 (VEU564G6028K),ButonKS,1.413,Other
Silicon Power XPOWER Storm RGB memory module 32 GB (2x 16 GB) DDR5 Gaming UDIMM 6400 MHz CL32 (SP032GXLWU64AFDK),ButonKS,1.088,Other
Patriot Memory Viper Venom PVV564G600C36K memory module 64 GB 2 x 32 GB DDR5 6000 MHz,ButonKS,1.387,Other
G.Skill Trident Z5 RGB F5-6000J3636F32GX2-TZ5RK memory module 64 GB 2 x 32 GB DDR5 6000 MHz,ButonKS,1.263,Other
G.Skill F5-6400J3239G32GX2-TZ5RK memory module 64 GB 2 x 32 GB DDR5 6400 MHz,ButonKS,1.284,Other
G.Skill Trident Z Neo F5-6000J3036G32GX2-TZ5NRW memory module 64 GB 2 x 32 GB DDR5 6000 MHz,ButonKS,1.394,Other
Silicon Power XPOWER Pulse memory module 64 GB 2 x 32 GB DDR5 6000 MHz ECC (SP064GXLWU60BFDJ),ButonKS,2.113,Other
AMD EPYC 7713P / 2 GHz processor - OEM,ButonKS,1.40314,Other
AMD EPYC 9365 / 3.4 GHz processor - OEM,ButonKS,2.89137,Other
Intel Xeon Gold 6346 / 3.1 GHz processor - OEM,ButonKS,2.48071,Other
AMD EPYC 9655P / 2.6 GHz processor - OEM,ButonKS,5.4523,Other
Intel Xeon Gold 6426Y / 2.5 GHz processor - OEM,ButonKS,2.06109,Other
Intel Xeon W W5-3435X / 3.1 GHz processor - OEM,ButonKS,2.04181,Other
AMD Ryzen ThreadRipper PRO 7975WX / 4 GHz processor - PIB/WOF,ButonKS,5.25969,Other
Processor Tray AMD Ryzen 5 5500 / 3.6 GHz,ButonKS,13800,Other
AMD EPYC 9684X / 2.55 GHz processor - OEM,ButonKS,5.17968,Other
AMD EPYC 9745 / 2.4 GHz processor - OEM,ButonKS,7.57483,Other
AMD EPYC 9654 / 2.4 GHz processor - OEM,ButonKS,4.08814,Other
AMD Ryzen ThreadRipper 9970X / 4 GHz processor - Box,ButonKS,2.8879,Other
"AMD Threadripper Pro 9955WX WOF - 4,5GHz - Box",ButonKS,1.9185,Other
MSI MPG B550 GAMING PLUS - motherboard - ATX - Socket AM4 - AMD B550,ButonKS,16030,Other
ASUS PRIME H610M-K - motherboard - micro ATX - LGA1700 Socket - H610,ButonKS,13176,Other
ASUS TUF GAMING A620M-PLUS WIFI - motherboard - micro ATX - Socket AM5 - AMD A620,ButonKS,19299,Networking
DDR5 Patriot Viper Venom memory 2 x 32GB 6400 Mhz CL32 XMP3 (PVV564G640C32K),ButonKS,1.542,Other
Sharkoon Rebel P15 750 - power supply - 750W,ButonKS,8800,Other
Chieftec VITA Series BPX-850-S - power supply - 850 Watt,ButonKS,8700,Other
Seasonic CORE GX-850 - power supply - 850W,ButonKS,17947,Other
Seasonic Focus GX - power supply - 750W,ButonKS,18319,Other
Lenovo 65W Standard AC Adapter (USB Type-C) - power adapter - 65 Watt - EU,ButonKS,3139,Storage
Samsung EP-T1510 power adapter - 24 pin USB-C - 15 Watt,ButonKS,1414,Storage
HP - charging dock,ButonKS,3133,Other
ARCTIC P14 Pro Reverse PWM A-RGB - fan case - 3-Pack White,ButonKS,4700,Other
ARCTIC P14 Pro Reverse PWM A-RGB - case fan - White,ButonKS,1800,Other
ARCTIC P14 Pro Reverse PWM A-RGB - case fan,ButonKS,1600,Other
ARCTIC P14 Pro Reverse PWM A-RGB - case fan - 3-Pack,ButonKS,4200,Other
ARCTIC P14 Pro Reverse PWM - case fan,ButonKS,1100,Other
ARCTIC P14 Pro Reverse PWM - case fan - 3-Pack,ButonKS,2800,Other
Xilence Performance C Series XPF80.R - case fan,ButonKS,774,Other
Thermaltake TH360 V3 Ultra ARGB Sync AIO Snow Edition,ButonKS,19300,Other
Thermaltake TOUGHAIR 710 - processor cooler,ButonKS,12500,Other
Thermaltake UX210 ARGB Lighting - processor cooler,ButonKS,8200,Other
Thermaltake TOUGHLIQUID 280 EX Pro ARGB Sync - processor liquid cooling system,ButonKS,18900,Other
Savio SAVGCOFROSTBLACKX2 - case fan - Black,ButonKS,2700,Other
MSI GeForce RTX 5080 16G GAMING TRIO OC - graphics card - GeForce RTX 5080 - 16 GB,ButonKS,1.682,Other
NVIDIA RTX PRO 5000 Blackwell - graphics card - RTX PRO 5000 Blackwell - 48 GB,ButonKS,5.47503,Other
NVIDIA RTX 4500 ADA - graphics card - RTX 4500 Ada - 24 GB,ButonKS,2.98936,Other
MSI GeForce RTX 5080 16G VENTUS 3X OC - graphics card - GeForce RTX 5080 - 16 GB,ButonKS,1.421,Other
MSI GeForce RTX 5080 16G VENTUS 3X OC - graphics card - GeForce RTX 5080 - 16 GB,ButonKS,1.47867,Other
Gigabyte GeForce RTX 5070 Ti WINDFORCE OC V2 - graphics card - 16GB - GDDR7,ButonKS,1.097,Other
Palit GeForce RTX 5090 GameRock - graphics card - GeForce RTX 5090 - 32 GB,ButonKS,3.821,Other
ASUS TUF Gaming GT301 - Kasë kompjuteri - e zezë,ButonKS,12500,Other
Kasë NZXT H5 Flow - E bardhë,ButonKS,13900,Other
RAIDMAX Infinita i800 RGB Kasë kompjuteri – Mid-Tower – e zezë,ButonKS,10500,Other
NZXT H3 Flow (CC-H31FW-01) – Kasë kompjuteri – Mid-Tower – e bardhë,ButonKS,8900,Other
NZXT H3 Flow (CC-H31FB-01) – Kasë kompjuteri – Mid-Tower – e zezë,ButonKS,8900,Other
Cooler Master Elite 302 Mini Tower,ButonKS,6900,Other
ASUS GT302 TG ARGB TUF Gaming - Kasë kompjuteri - e bardhë,ButonKS,18350,Other
Kasë Endorfy Arx 700 - E zezë,ButonKS,16900,Other
Kasë IG-MAX E0901 1F TORPEDO - E zezë,ButonKS,6900,Other
Kasë NZXT H7 Flow - E bardhë,ButonKS,18800,Other
Kasë NZXT H7 Flow - E zezë,ButonKS,18800,Other
Kasë NZXT H6 Flow - E zezë,ButonKS,18900,Other
NZXT H5 Flow RGB (CC-H52FW-R1) - Kasë kompjuteri - e bardhë,ButonKS,16900,Other
NZXT H5 Flow RGB (CC-H52FB-R1) - e zezë,ButonKS,16900,Other
Kasë NZXT H5 Flow - E zezë,ButonKS,13900,Other
Kasë Fractal Design North - E bardhë,ButonKS,17900,Other
Kasë Jonsbo D31 MESH - E bardhë,ButonKS,13900,Other
Kasë Aerocool Trinity Mini-Tower V3 - E Rozë,ButonKS,8800,Other
Kasë nJoy Aura CSMD-A000TAU-BL01B - E zezë,ButonKS,13300,Other
NZXT H6 Flow RGB (CC-H61FW-R1) - Kasë kompjuteri - e bardhë,ButonKS,18900,Other
Verbatim Ultra HD 4K - BDXL drive - SuperSpeed USB 3.1 Gen 1 - external,ButonKS,16676,Storage
Quantum TC-L93CN-AR - Storage drive,ButonKS,6.99807,Storage
Quantum SuperLoader 3 with (Model C) drive(s) - tape autoloader - LTO Ultrium - SAS-3,ButonKS,7.61101,Other
Quantum SuperLoader 3 with (Model C) drive(s) - tape autoloader - LTO Ultrium - SAS-2,ButonKS,7.09055,Other
Quantum TC-L82AN-BR - Tape Storage Drive - SAS,ButonKS,4.74417,Storage
Quantum SuperLoader 3 with (Model C) drive(s) - tape autoloader - LTO Ultrium - SAS-3,ButonKS,8.17227,Other
Quantum LTO-7 HH - tape drive - LTO Ultrium - SAS-2,ButonKS,5.31149,Other
Sandberg USB Mini DVD Burner - DVD-RW drive - USB 2.0 - external,ButonKS,3066,Storage
Quantum TC-L92BN-AR - 18 TB Tape Storage Drive - SAS,ButonKS,6.68299,Storage
Quantum TC-L82BN-AR - Tape Storage Drive - SAS,ButonKS,5.20491,Storage
Quantum LTO-9 - 18 TB Tape Storage Drive - SAS,ButonKS,5.99357,Storage
Hitachi-LG Data Storage GP60NB60 - DVD±RW (±R DL) / DVD-RAM drive - USB 2.0 - external,ButonKS,3286,Storage
SILICON POWER UD85 - SSD - 250 GB - PCIe 4.0 x4 (NVMe),ButonKS,7000,Storage
"Samsung 870 EVO 250 GB 2.5"" Serial ATA III V-NAND",ButonKS,16300,Other
Seagate 3.5'' 2x ST12000VN0008 - HDD - Serial ATA,ButonKS,1.07901,Other
WD Black WD5000LPSX - hard drive - 500 GB - SATA 6Gb/s,ButonKS,17401,Storage
"Seagate IronWolf Pro ST28000NT000 - hard drive - 28TB - 3.5""",ButonKS,1.0921,Storage
Seagate One Touch STKY2000405 - hard drive - 2 TB - USB 3.0,ButonKS,16108,Storage
WD Black WD10SPSX - hard drive - 1 TB - SATA 6Gb/s,ButonKS,12626,Storage
"External SSD Intenso PREMIUM Portable, 2TB, USB 3.0 - Black",ButonKS,19800,Storage
"External Hard Drive WD Elements Portable WDBU6Y0050BBK, 5TB, USB 3.0 - Black",ButonKS,16500,Storage
"Disk portativ Seagate Basic STJL4000400 – 4TB – 2.5"" – USB 3.0, gri",ButonKS,15250,Storage
"Disk portativ Seagate Expansion STKM2000400 – 2TB – 2.5"" – USB 3.0, i zi",ButonKS,12150,Storage
"Disk portativ Seagate Basic STJL2000400 – 2TB – 2.5"" – USB 3.0, gri",ButonKS,10700,Storage
Kuti per Disk portativ LC Power LC-25U3-7W - SATA 6Gb/s USB 3.0 - i bardhë,ButonKS,1800,Storage
WD My Cloud Home 2TB – Pajisje ruajtjeje personale cloud,ButonKS,19900,Other
"Disk SSD portativ Samsung T7 MU-PC1T0T 1TB 2.5"" – USB 3.2 Gen 2, gri",ButonKS,15730,Storage
HP Z2 Tower G1i Workstation Ultra 7 265 vPro 16GB DDR5 5600 SSD512 RTX A400_4GB DVD-RW 500W W11Pro 3Y OnSite,ButonKS,2.227,Storage
HP Z2 Tower G1i Workstation Ultra 7 265 vPro 32GB DDR5 5600 SSD1TB RTX A1000_8GB DVD-RW 700W W11Pro 3Y OnSite,ButonKS,2.807,Storage
"Lenovo ThinkCentre M90a Gen 5 Intel® Core™ i7 i7-14700 60.5 cm (23.8"") 1920 x 1080 pixels Touchscreen All-in-One PC 16 GB DDR5-SDRAM 1 TB SSD Windows 11 Pro Wi-Fi 6E (802.11ax) Black",ButonKS,1.752,Smartphone
HP ProDesk 4 G1i AI PC Intel Core Ultra 7 265T 16 GB DDR5-SDRAM 1 TB SSD Windows 11 Pro Mini PC Black,ButonKS,1.28,Storage
"HP ProStudio 4 AiO G1i Ultra 5 225T 23.8""FHD 250nits LBL AG 16GB DDR5 5600 SSD512 Intel Graphics Cam IR 5MP W11Pro 3Y OnSite",ButonKS,1.346,Storage
"HP 840 AiO G9 i7-14700 23.8""FHD 250nits AG 16GB DDR5 4800 SSD512 Intel UHD Cam 5Mpx W11Pro 3Y OnSite",ButonKS,1.369,Storage
"HP ProStudio 4 AiO G1i Ultra 5 225T 23.8""FHD 250nits LBL AG 16GB DDR5 5600 SSD512 Intel Graphics Cam IR 5MP W11Pro 3Y OnSite",ButonKS,1.222,Storage
"HP ProStudio 4 AiO G1i Ultra 5 225 23.8""FHD 250nits LBL AG 16GB DDR5 5600 SSD512 Intel Graphics Cam IR 5MP W11Pro 3Y OnSite",ButonKS,1.351,Storage
"HP 840 AiO G9 i5-14500 23.8""FHD 250nits AG 16GB DDR5 4800 SSD512 UHD 770 Cam 5Mpx W11Pro 3Y OnSite",ButonKS,1.222,Storage
HP Pro Mini 400 G9 i5-14400T 16GB DDR5 SSD1TB UHD 730 W11Pro 3Y OnSite,ButonKS,1.044,Storage
"HP ProOne 240 G10 AIO 23.8""FHD IPS 250nits AG Ultra 7 155U 16GB DDR5 5600 SSD512 Intel UHD Cam 5 MP W11Pro 3Y OnSite",ButonKS,1.219,Storage
"HP ProOne 240 G10 AIO 23.8""FHD IPS 250nits AG Ultra 7 155U 16GB DDR5 5600 SSD512 Intel UHD Cam IR 5 Mpx W11Pro 3Y OnSite",ButonKS,1.219,Storage
"Lenovo ThinkCentre neo 50a 27 Gen 5 Intel® Core™ i5 i5-13420H 68.6 cm (27"") 1920 x 1080 pixels All-in-One PC 16 GB DDR5-SDRAM 512 GB SSD Windows 11 Pro Wi-Fi 6 (802.11ax) Grey",ButonKS,1.085,Smartphone
HP ProDesk 4 SFF G1i AI PC Intel Core Ultra 5 225 16 GB DDR5-SDRAM 512 GB SSD Windows 11 Pro Black,ButonKS,1.032,Storage
HP ProDesk 4 Tower G1i Desktop AI PC Intel Core Ultra 5 225 16 GB DDR5-SDRAM 512 GB SSD Windows 11 Pro Black,ButonKS,1.087,Storage
"Lenovo ThinkCentre neo 50s Gen 5 Intel® Core™ i7 i7-14700 16 GB DDR5-SDRAM 512 GB SSD Windows 11 Pro SFF PC Black, Grey",ButonKS,1.091,Storage
Lenovo ThinkCentre M70q Gen 5 Intel® Core™ i7 i7-14700T 16 GB DDR5-SDRAM 1 TB SSD Windows 11 Pro Mini PC Black,ButonKS,1.275,Storage
"Lenovo IdeaCentre Tower 14IRR9 (i7-14700, 16 GB DDR5-SDRAM, 512 GB SSD, Windows 11 Pro) PC Grey",ButonKS,1.192,Storage
"HP EliteStudio 8 AIO G1i Ultra 7-265 23,8""FHD IPS 250nits AG 16GB DDR5 SSD512 Arc W11Pro 3Y OnSite",ButonKS,1.502,Storage
"HP ProOne 440 G9 All-in-One i5-13500T 23,8""FHD IPS 250nit AG 32GB DDR5 4800 SSD1TB UHD 770 W11Pro 3Y OnSite",ButonKS,1.189,Storage
"Lenovo ThinkCentre neo 50a 27 Gen 5 Intel® Core™ i5 i5-13420H 68.6 cm (27"") 1920 x 1080 pixels Touchscreen All-in-One PC 16 GB DDR5-SDRAM 512 GB SSD Windows 11 Pro Wi-Fi 6 (802.11ax) Grey",ButonKS,1.243,Smartphone
"Lenovo ThinkCentre neo 50a 24 Gen 5 Intel® Core™ i7 i7-13620H 60.5 cm (23.8"") 1920 x 1080 pixels All-in-One PC 16 GB DDR5-SDRAM 1 TB SSD Windows 11 Pro Wi-Fi 6 (802.11ax) Grey",ButonKS,1.198,Smartphone
"Lenovo Yoga All-in-One 27IAH10 (Intel Core Ultra 5 125H, 27"", 2560 x 1440 pixels,16 GB LPDDR5x-SDRAM, 1 TB SSD, Windows 11 Pro, Wi-Fi 7) Grey",ButonKS,1.479,Smartphone
Synology RackStation RS3618xs - NAS - Rack (2U),ButonKS,2.699,Other
D-Link EAGLE PRO AI M15 - Wi-Fi system - Wi-Fi 6 - desktop,ButonKS,12382,Other
"Jabra Evolve2 40 SE MS Mono - headset - USB-C, USB-A",ButonKS,15512,Storage
Lenovo 350 - mouse - bluetooth - grey,ButonKS,2700,Computer Accessories
Lenovo 700 - mouse- bluetooth - grey,ButonKS,3100,Computer Accessories
TP-Link JetStream TL-SG1024DE - switch - 24 ports - rack-mountable,ButonKS,12323,Other
NETGEAR GS308PP - switch - 8 ports - unmanaged,ButonKS,14795,Other
Apple Magic Mouse - mouse - Bluetooth - white,ButonKS,10389,Computer Accessories
Amazon Echo Dot (5th Generation) - smart speaker,ButonKS,7465,Other
CHERRY KC 1000 - keyboard - US - black,ButonKS,4001,Computer Accessories
Delock Adapter USB 2.0 > 1 x Serial RS-232 - extended temperature range - serial adapter - USB 2.0 - RS-232 x 1,ButonKS,6500,Storage
Savio ASTRAL WHITE JADE - keyboard - USB - QWERTY US International,ButonKS,6500,Computer Accessories
Samsung Smart - Dark Grey - Keyboard - QWERTY,ButonKS,12100,Computer Accessories
Lenovo K310 - keyboard - USB - US English - Black,ButonKS,7000,Computer Accessories
M-AUDIO SP-2 - Sustain pedal - 6.35 mm,ButonKS,3600,Other
Logitech Ergo Series ERGO K860 for Business - keyboard full size - QWERTY - US International - graphite,ButonKS,18342,Computer Accessories
Logitech Signature Slim Wired K620 for Business - keyboard full size - QWERTY - International English,ButonKS,9836,Computer Accessories
Logitech MX Keys S - keyboard - QWERTY - US International - graphite - with Palm Rest,ButonKS,16907,Computer Accessories
Logitech ERGO K860 - keyboard - QWERTY - US International - graphite,ButonKS,17700,Computer Accessories
Logitech G G413 TKL SE - keyboard - QWERTY - US International - black,ButonKS,9300,Computer Accessories
Razer Ornata V3 - keyboard - low profile - QWERTY - US,ButonKS,9875,Computer Accessories
Dell KB216 - keyboard - QWERTY - US International - black,ButonKS,2047,Computer Accessories
"iBox BEE2 PRO - mouse - Wireless - black,yellow",ButonKS,1200,Computer Accessories
"Logitech Master Series MX Master 3S - mouse - Bluetooth, 2.4 GHz - pale grey",ButonKS,13832,Computer Accessories
"ASUS TUF Gaming M4 - mouse - 2.4 GHz, Bluetooth 5.1 - black",ButonKS,6211,Computer Accessories
"CHERRY MC 1000 - mouse - USB - white (top), black base",ButonKS,865,Computer Accessories
iBox Aurora A-1 - mouse - USB - black,ButonKS,1000,Computer Accessories
Razer Cobra Pro - mouse - gaming - USB,ButonKS,15206,Computer Accessories
"natec Siskin 2 - ouse - bluetooth, 2.4GHz - white",ButonKS,1900,Other
Ultron UM-100 basic - mouse - USB - black silver,ButonKS,1461,Computer Accessories
Trust GXT 922 YBAR - mouse - USB 2.0 - black,ButonKS,3300,Computer Accessories
HP 100 - mouse - USB,ButonKS,1261,Computer Accessories
Logitech MK540 Advanced - keyboard and mouse set - German,ButonKS,5809,Computer Accessories
Logitech MK540 Advanced - keyboard and mouse set - QWERTY - US International,ButonKS,7030,Computer Accessories
HP 650 - keyboard and mouse set - QWERTY - English - white,ButonKS,8513,Computer Accessories
Logitech Slim Wireless Combo MK470 - keyboard and mouse set - US International - off-white,ButonKS,7712,Computer Accessories
Dell Pro Keyboard and Mouse KM5221W - keyboard and mouse set - QWERTY - US International - black,ButonKS,5440,Computer Accessories
Logitech Signature Slim Wired Combo MK620 for Business - keyboard and mouse set full size - QWERTY - US International - graphite,ButonKS,12554,Computer Accessories
Logitech MK850 Performance - keyboard and mouse set - QWERTY - Dutch,ButonKS,16300,Computer Accessories
Lenovo 310 - keyboard set with mouse - USB - Black,ButonKS,5300,Computer Accessories
Lenovo 300 - Keyboard set with mouse - USB - Black,ButonKS,5300,Computer Accessories
Lenovo 160 - keyboard set with mouse - USB - Black,ButonKS,4200,Computer Accessories
Lenovo GX30N81776 - set keyboard with mouse - Black,ButonKS,5300,Computer Accessories
Lenovo GX30L66303 - set keyboard with mouse - Black,ButonKS,3600,Computer Accessories
CHERRY STREAM DESKTOP COMFORT - keyboard and mouse set - 100% full size - QWERTZ - German - black,ButonKS,9554,Computer Accessories
Dell Keyboard and Mouse KM3322W - keyboard and mouse set - QWERTY - International English - black,ButonKS,3581,Computer Accessories
Logitech Wireless Combo MK220 - keyboard and mouse set - International English,ButonKS,4369,Computer Accessories
Sharkoon Skiller SGP40 D7 - mousepad - 1000x500mm,ButonKS,4900,Computer Accessories
Sharkoon Skiller SGP30 - mouse pad - size XXL,ButonKS,3300,Computer Accessories
Razer Gigantus V2 XXL - keyboard and mouse pad,ButonKS,7900,Computer Accessories
Razer Gigantus Elite Edition - Mouse pad,ButonKS,7887,Computer Accessories
Razer Goliathus Extended Chroma - mouse pad,ButonKS,11142,Computer Accessories
Razer Pro Glide - mouse pad,ButonKS,1935,Computer Accessories
Razer Goliathus Mobile - mouse pad,ButonKS,1352,Computer Accessories
Razer Goliathus Mobile Stealth Edition - mouse pad,ButonKS,1452,Computer Accessories
Logitech Studio Series Desk Mat - keyboard and mouse pad,ButonKS,2063,Computer Accessories
Logitech Studio Series Desk Mat - keyboard and mouse pad,ButonKS,2028,Computer Accessories
TERRA Mousepad XXL NEON - gaming - black,ButonKS,4200,Computer Accessories
Kensington ERGOSOFT WR STANDARD MOUSE - mouse wrist pillow,ButonKS,3807,Computer Accessories
Endorfy Cordura Speed - mouse pad,ButonKS,3758,Computer Accessories
Datalogic QuickScan 2500 Series QW2520 - Kit - barcode scanner,ButonKS,8341,Other
Honeywell Voyager Extreme Performance 1472g - USB Kit - barcode scanner,ButonKS,18709,Storage
Honeywell Genesis XP 7680g - barcode scanner,ButonKS,18846,Other
Zebra DS4608-SR - USB Kit - barcode scanner,ButonKS,16400,Storage
Sony WH-CH520 - headphones with mic,ButonKS,5818,Audio
Sony WH-CH720N - headphones with mic - 3.5 mm jack,ButonKS,12512,Audio
Sony WF-C510 - true wireless earphones with mic,ButonKS,7511,Audio
Jabra Evolve2 65 UC Mono - headset,ButonKS,16800,Other
"Jabra PanaCast USB Hub - docking station - USB-C - HDMI, VGA",ButonKS,9200,Storage
Jabra PanaCast - USB cable - 1.8 m,ButonKS,2800,Storage
Jabra Evolve2 30 MS Mono - headset - USB,ButonKS,5000,Storage
Jabra Evolve2 40 UC Mono - headset,ButonKS,17300,Other
Jabra Evolve2 30 UC - headset - USB-C,ButonKS,10400,Storage
Jabra Evolve2 30 UC - headset - USB-A,ButonKS,11400,Storage
Logitech Zone Vibe 100 - headset,ButonKS,15800,Computer Accessories
Jabra BIZ 2300 QD Siemens Mono - headset,ButonKS,13000,Other
Jabra BIZ 2300 QD Siemens Duo - headset,ButonKS,17500,Other
Jabra Evolve 30 II MS Mono - headset,ButonKS,8900,Other
Mackie CR3.5 - active studio monitors,ButonKS,15200,Monitor
Amazon Echo Pop - smart speaker,ButonKS,5595,Other
Trust GXT 629 Tytan - speaker system - for PC,ButonKS,15800,Other
"Tavolinë elektrike SENSE7 NOJO LIGHT, 140 x 70 cm, kafe e errët",Gjirafa50_Test,119.5,Other
Mauspad Gjirafa50 Fiftypad - L,Gjirafa50_Test,19.5,Other
"Kuletë kartash për celular ESR, e kaftë",Gjirafa50_Test,19.5,Other
"Apple iPhone 17 Pro Max, 256GB, Silver",Gjirafa50_Test,1699.5,Smartphone
"Kuletë kartash për celular ESR, e zezë",Gjirafa50_Test,19.5,Other
"Apple iPhone 17 Pro Max, 2TB, Deep Blue",Gjirafa50_Test,2849.5,Smartphone
"Kuletë kartash për celular ESR, e kaltër",Gjirafa50_Test,19.5,Other
"Monitor Dell Alienware AW2524HF, 24.5"", Full HD, 500Hz, i zi",Gjirafa50_Test,399.5,Monitor
"Tavolinë SENSE7 Nomad Basic, 140cm x 60cm, e zezë",Gjirafa50_Test,89.5,Other
"Monitor Dell Alienware AW2724HF, 27"", 360Hz, FullHD, i zi",Gjirafa50_Test,329.5,Monitor
"Monitor Philips Evnia 34M2C3500L/00, 34"", UWQHD, i zi",Gjirafa50_Test,249.5,Monitor
"Apple iPhone 17 Pro, 256GB, Silver",Gjirafa50_Test,1499.5,Smartphone
"Celular Samsung Galaxy S25 Ultra, 6.9"", 12GB/ 512GB, Titanium Gray",Gjirafa50_Test,1349.5,Smartphone
"Mauspad Iso Trade Trade, XXL, i zi",Gjirafa50_Test,9.5,Other
"Monitor Lenovo Legion R27fc-30, 27"", 1920 x 1080, Full HD, 240 Hz, i zi",Gjirafa50_Test,206.5,Monitor
ASUS Chromebook CX14 CX1405CTA Laptop | 14 Inch FHD 16:9 Display | Intel N150 | 4GB RAM | 128GB eMMC | Intel UHD | ChromeOS | QWERTZ | Quiet Blue,AmazonDE,249,Laptop
Lenovo Business Laptop Notebook 500w G3 2-in-1 Pentium N6000 4GB 128GB SSD 1366x768 Touchscreen Windows 11 (Refurbished),AmazonDE,149.9,Laptop
"HP Laptop with 17.3"" HD+ Display, Intel Celeron N4500120, 8GB DDR4 RAM, 256GB SSD, Intel UHD Graphics, Windows 11, QWERTZ Keyboard, Black",AmazonDE,369,Laptop
"HP Laptop, 15.6 Inch FHD Display, Intel N100, 4 GB DDR4 RAM, 128 GB UFS, Intel UHD Graphics, Windows 11 Home in S Mode, QWERTZ Keyboard, Natural Silver",AmazonDE,279,Laptop
"Acer Chromebook 314 (CBOA314-1H-C32M) Laptop, 14 Inch FHD Display, Intel Celeron N4500, 4 GB RAM, 128 GB SSD, Intel UHD Graphics, Google ChromeOS, QWERTY Keyboard, Black",AmazonDE,179.5,Laptop
"HP Laptop with 17.3"" FHD Display, AMD Ryzen 7 7730U, 16GB DDR4 RAM, 512GB SSD, AMD Radeon Graphics, Windows 11, QWERTZ, Black with 25GB Dropbox Memory for 12 Months",AmazonDE,579,Laptop
ASUS Vivobook 16 Laptop | 16 Inch WUXGA Anti-Glare IPS Display | AMD Ryzen 5 7430U | 16 GB RAM | 512 GB SSD | AMD Radeon | Windows 11 | QWERTZ Keyboard (German Layout) | Cool Silver,AmazonDE,494.85,Laptop
Dell Business Laptop Notebook Latitude 5310 2-in-1 i5-10210u 8GB 256GB SSD 1920x1280 Touchscreen Windows 11 (Refurbished),AmazonDE,333,Laptop
"jumper Laptop 17.6 Inch 100% sRGB FHD Display, 16GB RAM 512GB SSD + 128GB eMMC, N95 CPU, QWERTZ Luminous Keyboard, WiFi 6, 7000mAh, Notebook for Students and Business",AmazonDE,479.99,Laptop
"Blackview Acebook 6 15.6 Inch Laptop for Business and Students, Quad Core N150 up to 3.6 GHz (Better than N95), 16GB DDR4 512GB SSD, FHD IPS Eye Protection, 100W Type-C, 4K HDMI, Bluetooth, WiFi 5",AmazonDE,339.99,Laptop
"HP Laptop with 17.3"" FHD Display, AMD Ryzen 5 7520U, 8GB DDR5 RAM, 512GB SSD, AMD Radeon Graphics, Windows 11, QWERTZ, Black with 25GB Dropbox Memory for 12 Months",AmazonDE,469,Laptop
"HP Laptop, 15.6 Inch FHD Display, Intel Core i3-N305, 8 GB DDR4 RAM, 512 GB SSD, Intel UHD Graphics, Windows 11 Home, QWERTZ Keyboard, Jet Black",AmazonDE,429,Laptop
HP OmniBook X Flip Intel Core Ultra 7 256V 2-in-1 Next Gen AI Laptop | Dedicated NPU for AI | 47 NPU Tops | Copilot+ PC | 14 Inch 3K 2880x1800 OLED Touchscreen | 32GB | 1TB SSD | Win11 | QWERTZ | Silver,AmazonDE,1229,Laptop
"2025 Latest 15.6 Inch FHD Laptop, 16 GB RAM, 512 GB SSD, Celeron 5205U Processor, QWERTY Keyboard with Backlight, Fingerprint Reader, WiFi, HDMI, Notebook Computer for Business and Students",AmazonDE,339.99,Laptop
"HP 17-cn3263ng 17.3 inch FHD, Core i5-1334U, 16GB RAM, 512GB SSD, Windows 11 Home, Natural Silver (BZ8R4EA)",AmazonDE,589,Storage
ASUS Chromebook CX14 CX1405CTA Laptop | 14 Inch FHD 16:9 Display | Intel N150 | 4GB RAM | 128GB eMMC | Intel UHD | ChromeOS | QWERTZ | Quiet Blue,AmazonDE,249,Laptop
Lenovo IdeaPad 1 Laptop | 15.6 Inch Full HD Display | AMD Ryzen 3 7320U | 8GB RAM | 512GB SSD | AMD Radeon Graphics | Windows 11 Home | Grey | QWERTZ | 3 Months Premium Care,AmazonDE,399.99,Laptop
"Laptop 15.6 Inch 6 GB RAM 128 GB ROM Extensions 2.5 Inch 1 TB SSD, Laptop Win 11 with 2-Core CPU J4105 (up to 2.8 GHz), 1920 x 1080丨5G WiFi, BT4.2 & German Keyboard Sticker Silver",AmazonDE,212.49,Laptop
"shinobee difinity Celeron Quad Core SSD (15.6 Inch FullHD) Silent Notebook (Celeron N3450 4 x 2.20 GHz, 8GB DDR4, 256GB SSD, USB 3.0, HD Graphics 500, LAN, m-HDMI, Windows 11, MS Office) #8027",AmazonDE,177,Laptop
"Apple MacBook Air (13 inch, Apple M4 Chip with 10-Core CPU and 10-Core GPU, 16GB Shared Memory, 512GB) - Silver",AmazonDE,1049,Laptop
ASUS Chromebook Plus CX14 CX1405CTA Laptop | 14 Inch FHD 16:9 IPS Display | Intel Core 3-N355 | 8GB RAM | 128GB eMMC | Intel UHD | ChromeOS | QWERTZ | Rock Grey,AmazonDE,349,Laptop
"HP OmniBook X Flip NG AI 16-as0253ng 2-in-1 Laptop, Next Gen KI Copilot+ PC, 16 Inch 2K 1920 x 1200 Touchscreen, Intel Ultra 5-226V (8C) 40 NPU Tops, 16GB LPDDR5X 8533, 512GB SSD, Win 11, QWERTZ, Silver",AmazonDE,949,Laptop
"MSI Modern 15 Lifestyle & Business Laptop, 15.6 Inch Full HD Display, AMD Ryzen 5 7430U Processor, 16GB DDR4 RAM, 512GB SSD, AMD Radeon Graphics, Windows 11 Home, Black, B7M-463",AmazonDE,469.99,Laptop
"Lenovo 15.6 Inch Full HD Notebook - Intel Quad N5100 4 x 2.80 GHz, 16GB DDR4, 1000 GB SSD, Intel UHD, HDMI, Webcam, Bluetooth, USB 3.0, WiFi, Windows 11 Prof. 64 Bit - 7323",AmazonDE,399,Laptop
Lenovo Laptop | 15.6 Inch FHD Display | Intel N4500 2 x 2.80 GHz | 8 GB DDR4 RAM | 256 GB SSD | Intel UHD Graphics | Windows 11 Pro - 7526,AmazonDE,277,Laptop
"Lenovo (15.6 Inch Full HD Notebook (Intel N4500 2 x 2.80 GHz, 16GB DDR4, 512 GB SSD, Windows 11 Pro 64 Bit, Intel UHD, HDMI, Webcam, Bluetooth, USB 3.0, WLAN) #7250",AmazonDE,339,Laptop
Dell Latitude 5500 15.6 Inch 1920 x 1080 Full HD Intel Core i5 8365U 512GB SSD Hard Drive 16GB Memory Windows 11 Pro Webcam Notebook Laptop (Refurbished),AmazonDE,349.99,Laptop
"Acer Aspire 17 (A17-51M-503B) Laptop, 17 Inch FHD IPS Display, Intel Core i5-1334U, 16 GB RAM, 512 GB SSD, Intel Iris Xe Graphics, Windows 11, QWERTZ Keyboard, Grey",AmazonDE,629.99,Laptop
"15.6 Inch Full HD Laptop, 32GB DDR4 RAM 1TB SSD, Quad-Core N95 Up to 3.4GHz with Fingerprint Unlock Notebook, Cooling Fan, Webcam, Dual Speakers, Mini HDMI, Student/Business Laptop - Pink",AmazonDE,335,Laptop
"Acer Aspire Go 15 (AG15-72P-5903) Laptop, 15.6"" FHD IPS Display, Intel Core 5 120U, 16GB RAM, 512GB SSD, Intel Graphics, Windows 11, QWERTZ Keyboard, Silver",AmazonDE,579.99,Laptop
"Samsung Galaxy Book5 360 15.6"" 2-in-1 Laptop, Convertible AI Notebook with Intel Core Ultra 7 Processor, 16GB RAM, 512GB Memory, Moonstone Gray, 3 Year Warranty [Exclusive to Amazon]",AmazonDE,979,Smartphone
"Laptop 15.6 inch, 32GB DDR4 1TB SSD, Dual-Core 3050E (up to 2.80 GHz), Notebook with Fingerprint Sensor, Illuminated Keyboard, Double Speaker, HDMI, Laptop for Students and Office",AmazonDE,395,Laptop
"Lenovo ThinkPad L380 Business Laptop, 13.3 Inch Notebook, Intel Core i5-8250U, 16GB RAM, 256GB SSD, Japanese Keyboard, Windows 11 Pro (Refurbished)",AmazonDE,229,Laptop
"Acer Aspire 17 (A17-51M-73JJ) Laptop, 17 Inch FHD IPS Display, Intel Core 7 150U, 16 GB RAM, 1 TB SSD, Intel Graphics, Windows 11, QWERTZ Keyboard, Grey",AmazonDE,799.99,Laptop
"2025 Latest 15.6 Inch FHD Laptop, 16 GB RAM, 512 GB SSD, Celeron 5205U Processor, QWERTY Keyboard with Backlight, Fingerprint Reader, WiFi, HDMI, Notebook Computer for Business and Students",AmazonDE,339.99,Laptop
"Revolutionize Your Work with Double Laptop Screen - Plug and Play 14"" FHD 1080P IPS (macOS/Windows/Linux) - Triple Screen Monitor for Maximum Productivity",AmazonDE,399,Laptop
"Acer Nitro V 15 (ANV15-52-99WW) Gaming Laptop, 15.6 Inch FHD IPS 180Hz Display, Intel Core i9-13900H, 32 GB RAM, 1 TB SSD, NVIDIA GeForce RTX 5060, Windows 11, QWERTZ Keyboard, Black",AmazonDE,1499.99,Laptop
"HP EliteBook 840 G6 Touchscreen Business Laptop, 14 Inch FHD (1920 x 1080), Intel Core i5-8365U, 16 GB RAM, 256 GB SSD, US QWERTY Keyboard, Windows 11 Pro (Refurbished)",AmazonDE,299,Laptop
BMAX Laptop 15.6 Inch 16GB RAM 512GB SSD Laptop Quad Core N95,AmazonDE,299.99,Laptop
"Acer Chromebook Plus 515 (CB515-2H-EU5) Laptop, Google ChromeOS Core, 15.6"" FHD IPS Display, Intel Core i3-1215U, 8GB RAM, 128GB SSD, Intel UHD Graphics, Grey",AmazonDE,422.7,Laptop
"HP OmniBook X Flip Intel Core Ultra 7 258V, Copilot+ PC, 16 Inch OLED Touch, 47 NPU Tops, 32 GB RAM, 1 TB PCIe Gen4 SSD, Intel Arc 140 GPU, Windows 11, AI-Powered, Convertible Laptop, QWERTZ, Silver",AmazonDE,1306.64,Laptop
Dell Latitude 5500 15.6 Inch 1920 x 1080 Touch Display Full HD Intel Core i5 8365U 512GB SSD Hard Drive 32GB Memory Windows 11 Pro Webcam Notebook Laptop (Refurbished),AmazonDE,449,Laptop
"HP 1 15s-fq3215ng 15.6 Inch 1920 x 1080 Pixels, Intel Celeron N4500, 4GB, 128GB SSD, Windows 11 Home in S Mode",AmazonDE,282.59,Smartphone
ASUS Vivobook 18 M1807HA Laptop | 18 Inch WUXGA 16:10 IPS Display | AMD Ryzen 7 260 | 16GB RAM | 1TB SSD | AMD Radeon 780M | Win11 Home | QWERTZ | Quiet Blue,AmazonDE,889,Laptop
"Amita 16 Inch Touchscreen Laptop | i3-8109U (up to 3.6GHz), 16GB RAM, 1TB SSD, RGB Backlit Keyboard, Face & Fingerprint Login, 180° Hinge (1TB SSD)",AmazonDE,439,Laptop
HP OmniBook 3 Next Gen AI PC 15-fn0523ng | Copilot+ PC | 15.6 Inch FHD Display (1920 x 1080) | AMD Ryzen AI 5 330 (50 NPU Tops) | 16GB RAM | 512GB SSD | QWERTZ Keyboard | Windows 11 Home | Silver Silver,AmazonDE,629,Monitor
Dell Latitude 5410 14 Inch 1920 x 1080 Full HD Intel Core i5 10310U 256GB SSD Hard Drive 8GB Memory Windows 11 Pro Fingerprint Keyboard Lighting Notebook Laptop (Refurbished),AmazonDE,276.95,Laptop
"Dell 15 Laptop DC15250 15.6 Inch FHD (1920 x 1080) 120Hz, Intel Core i5-1335U, Intel UHD Graphics, 16GB DDR4 RAM, 512GB SSD, Windows 11 Home, QWERTY Keyboard - Black",AmazonDE,562.54,Laptop
"ASUS Premium Laptop, 17.3 Inch FHD Display, Intel U300 5 x 4.40 GHz, 16 GB DDR4 RAM, 512 GB SSD, Intel UHD Graphics, Windows 11 Pro, MS Office, USB-C Charging, Keyboard Lighting, #8246",AmazonDE,477,Laptop
"Lenovo Laptop 15.6 Inch Full HD - Intel Quad N5100 4x2.80 GHz, 16GB DDR4, 512GB SSD, Intel UHD, HDMI, Webcam, Bluetooth, USB 3.0, WiFi, Windows 11 Prof. 64 Bit Notebook - 7606",AmazonDE,377,Laptop
"Laptop 15.6 Inch (FHD IPS Display), Notebook with Fingerprint and Illuminated Keyboard, Rose Gold, 8GB RAM, 256GB SSD",AmazonDE,268.79,Laptop
Microsoft Surface Laptop | Copilot+ PC | 13 Inch LCD Touchscreen | Snapdragon X Plus | 16GB RAM | 512GB Memory | Latest Model | Platinum,AmazonDE,899,Laptop
"Acer Aspire Go 15 (AG15-42P-R5ZD) Laptop, 15.6"" FHD IPS Display, AMD Ryzen 7 5825U, 32GB RAM, 1TB SSD, AMD Radeon Graphics, Windows 11, QWERTZ Keyboard, Silver",AmazonDE,649.99,Laptop
HP OmniBook X Flip Intel Core Ultra 5-226V 2-in-1 Next Gen AI Laptop | Dedicated NPU for AI | 40 NPU Tops | Copilot+ PC | 14 Inch WUXGA 1920x1200 Touchscreen | 16GB | 512GB SSD | Win11 | QWERTZ | Silver,AmazonDE,999,Laptop
"2025 Latest 15.6 Inch FHD Laptop, 16 GB RAM, 512 GB SSD, Celeron 5205U, QWERTY Keyboard with Backlight, Fingerprint Reader, WiFi, HDMI, Notebook Computer for Business and Students",AmazonDE,288.99,Laptop
"acer Aspire 16 AI (A16-52M-52PX) AI Laptop, Copilot+ PC, 16 Inch WUXGA+ OLED 120Hz Display, Intel Core Ultra 5 226V, 16GB RAM, 1TB SSD, Intel Arc Graphics 130V, Windows 11, QWERTZ Keyboard, Grey",AmazonDE,929.99,Laptop
"HP (15.6 Inch FullHD Notebook Intel 13th Gen N100, Quad Core, 3.40 GHz, 16 GB DDR4, 512 GB SSD, Intel UHD, HDMI, Webcam, Bluetooth, USB 3.0, WiFi, Windows 11 Prof. 64 Bit - Laptop | 7977",AmazonDE,349,Laptop
"HP ProBook 450 G7 Business Laptop, 15.6 Inch (1366 x 768), Intel Core i5-10210U, 16GB RAM, 256GB SSD, QWERTY Keyboard, Windows 11 Pro (Refurbished)",AmazonDE,329,Laptop
"Apple MacBook Pro, 14"", M5 10-core, 16GB, 1TB, 10-core GPU, Space Black",Gjirafa50,2049.5,Laptop
"Laptop Lenovo LOQ, 15.6"", AMD Ryzen 5 7235HS, 16GB DDR5-SDRAM, 512GB SSD, NVIDIA GeForce RTX 3050, i hirtë",Gjirafa50,689.5,Laptop
"Laptop Lenovo IdeaPad Slim 3 16ABR8, 16″ , AMD Ryzen 7 5825U, 16 GB RAM, 512 GB SSD, AMD Radeon Graphics, i hirtë",Gjirafa50,429.5,Laptop
"Laptop Acer NB Aspire 5 15-58P-59FW, 15.6"", Intel Core i5, 8GB RAM, 256GB SSD, i hirtë i errët",Gjirafa50,369.5,Laptop
"Çantë shpine Lenovo B210 për laptop, 15.6""",Gjirafa50,19.5,Laptop
"Laptop Lenovo Legion 7 16IAX10, 16"", Intel Core Ultra 7 255HX, 32GB RAM, 1TB SSD, NVIDIA GeForce RTX 5060, i bardhë",Gjirafa50,1939.5,Laptop
"Laptop Lenovo LOQ 15ARP10E, 15.6"", AMD Ryzen 5 7535HS, 16GB RAM, 512GB SSD, NVIDIA GeForce RTX 3050 6GB GDDR6, i hirtë",Gjirafa50,599.5,Laptop
"Laptop Lenovo NB IdeaPad 1 15IJL7, 15.6"", Intel Celeron N4500, 8GB RAM, 256GB SSD, Intel UHD Graphics, i hirtë",Gjirafa50,249.5,Laptop
"Laptop ASUS TUF Gaming F16 FA608UH-R7165W, 16"" FHD+, AMD Ryzen 7 2600, 16GB DDR5, 512GB SSD, NVIDIA GeForce RTX 5050, i hirtë",Gjirafa50,1069.5,Laptop
"Laptop Lenovo Legion Pro 5 16ADR10, 16"", AMD Ryzen 7 8745HX, 32GB RAM, 1TB SSD, NVIDIA GeForce RTX 5060, i zi",Gjirafa50,1568.5,Laptop
"Kompjuter Asus Gaming ROG Strix, 16GB (2x8GB) DDR5, 512GB SSD + 1TB HDD, Core i7-13700F, RTX 3080, i zi",Gjirafa50,1399.5,Storage
"Laptop Lenovo IdeaPad Slim 5 14IRH10R 14"", Intel Core 7 240H, 32GB DDR5, 1TB SSD, Intel Graphics, i hirtë",Gjirafa50,1047.5,Laptop
"Laptop Lenovo NB IdeaPad Flex 5 14ABR8, 14"", AMD Ryzen5, 8GB RAM, 512GB SSD,AMD Radeon Graphics, i hirtë",Gjirafa50,539.5,Laptop
"Kompjuter Asus Gaming ROG Strix, 16GB (2x8GB) DDR5, 512GB SSD + 1TB HDD, Core i7-13700F, RTX RTX3070, i zi",Gjirafa50,1299.5,Storage
"Apple MacBook Air 13.6"", M2 8-core, 16GB, 256GB, 8-core GPU, Midnight",Gjirafa50,879.5,Laptop
"Laptop Lenovo NB LOQ 15AHP10, 15.6"", AMD Ryzen 7 250, 16GB RAM, 1TB SSD, NVIDIA GeForce RTX 5050 8GB GDDR7, i hirtë",Gjirafa50,1069.5,Laptop
"Laptop MSI Cyborg 15 B2RWFKG-038XPL, 15.6"", Intel Core 7 240H, 16GB DDR5, 512GB SSD, NVIDIA GeForce RTX 5060, i zi",Gjirafa50,999.5,Laptop
"Kompjuter HAL3000 Master Gamer Elite-K, Intel Core Ultra 5 245KF, 32GB RAM, 2TB SSD, RTX 5070 Ti, i zi",Gjirafa50,2677.5,Storage
"Apple MacBook Pro, 14"", M5 10-core, 16GB, 512GB, 10-core GPU, Space Black",Gjirafa50,1799.5,Laptop
"Mbajtëse për laptop ZOY ZLS02, e argjendtë",Gjirafa50,14.5,Laptop
"Laptop MSI Katana 17 B13VEK-1472PL, 17.3"", Intel Core i7-13620H, 16GB DDR5-5200, 512GB SSD, NVIDIA GeForce RTX 4050 6GB GDDR6, i zi",Gjirafa50,969.5,Laptop
"Laptop GIGABYTE Gaming A18, 18"", AMD Ryzen 7 260, 16GB DDR5, 1TB SSD, NVIDIA GeForce RTX 5060 8GB GDDR7, i zi",Gjirafa50,1331.5,Laptop
"Kasë HP PC Desktop Pro Tower 290, i5-14400,16GB (1x16GB) DDR5-4800 MT/s,512GB PCIe NVMe M.2 SSD,Intel UHD Graphics, i zi",Gjirafa50,732.5,Storage
"Laptop ASUS Zenbook 14 OLED UX3405, 14"", Intel Core Ultra 7, 32GB RAM, 1TB SSD, i zi",Gjirafa50,1499.5,Laptop
"Kompjuter Lenovo Legion T5 30AGB10, AMD Ryzen 5 7600, 32GB RAM, 1TB M.2 PCIe, NVIDIA GeForce RTX 5070, i zi",Gjirafa50,1648.5,Other
"Kompjuter Gjirafa50, Intel Core i5-13400F, 16GB RAM, 500GB SSD, MSI GeForce RTX 5060 Ventus 2X OC 8GB GDDR7, i zi",Gjirafa50,1019.5,Storage
"Laptop Dell Inspiron 3535, AMD Ryzen 7 7730U, 16GB RAM, 1TB SSD, 15.6"", AMD Radeon Graphics, i argjendtë",Gjirafa50,529.5,Laptop
"Laptop ASUS ROG Strix G18 (G814PM‑ES96), 18"", Intel Core 9 275HX, 32 GB DDR5, 1 TB SSD, NVIDIA RTX 5060, Windows 11 Home,i hirtë",Gjirafa50,2389.5,Laptop
"Laptop Lenovo LOQ 15ARP9, 15.6"", AMD Ryzen 5 7235HS, 16GB RAM, 1TB SSD, NVIDIA GeForce RTX 3050, Windows 11 Home",Gjirafa50,949.5,Laptop
"Apple MacBook Pro 14"", M4 10‑core, 24GB, 1TB SSD, 10‑core GPU, Space Black",Gjirafa50,2349.5,Laptop
"Apple MacBook Air, 13.6"", M4 10-core, 16GB, 256GB SSD, 8-core GPU, Silver",Gjirafa50,1079.5,Laptop
"Laptop Lenovo V V17, 17.3"", Intel Core i7 1355U, 16 GB RAM, 512 GB SSD, i hirtë",Gjirafa50,959.5,Laptop
"Laptop GIGABYTE Gaming A16, 16"", AMD Ryzen 7 260, 16GB DDR5, 512GB SSD, NVIDIA GeForce RTX 5050 8GB GDDR7, i zi",Gjirafa50,1035.5,Laptop
"Laptop Lenovo IdeaPad5 2in1 16AKP10, AMD Ryzen AI 5 340, 16GB RAM, 1TB SSD, Integrated AMD Radeon 840M Graphics, i hirtë",Gjirafa50,759.5,Laptop
"Monitor Alienware AW2725DF- 27"", 360Hz, OLED, i zi",Gjirafa50,903.5,Monitor
"Laptop Lenovo IdeaPad 1,15.6"", Intel Celeron N4500, 8GB DDR4, 256GB SSD, Intel UHD Graphics, i kaltërt",Gjirafa50,249.5,Laptop
"Apple MacBook Air, 13.6"", M4 10-core, 24GB, 512GB SSD, 10-core GPU, Midnight",Gjirafa50,1699.5,Laptop
"Laptop Lenovo NB Yoga Book 9 14IAH10, 2x14"", Intel Arc 140T GPU, Intel Core Ultra 7 255H, 2.8K WQXGA, Multi-touch, 32GB LPDDR5x-8400, 1TB SSD M.2 2242 PCIe, Tidal Teal",Gjirafa50,2059.5,Laptop
"Laptop Lenovo Legion 5 15AHP10, AMD Ryzen 7 260, 15.1"", 32GB RAM, 1TB SSD, NVIDIA GeForce RTX 5060 8GB GDDR7, i zi",Gjirafa50,1359.5,Laptop
"Laptop konvertues Lenovo IdeaPad 5 2-in-1 14IAL10, 14"", Intel Core Ultra 5/7 Gen 2, 16GB RAM, 512GB SSD, i hirtë",Gjirafa50,699.5,Laptop
"Lenovo NB V15 G4 IRU, Core i3-1315U, 15.6"", Intel Core i3-1315U, 8GB RAM, 512GB SSD, Integrated Intel UHD Graphics, i zi",Gjirafa50,319.5,Storage
"Laptop MSI Thin 15 B13UC-2203XPL, 15"", Intel Core i7-13620H, 16GB RAM, 512GB SSD, Nvidia GeForce RTX 3050",Gjirafa50,834.5,Laptop
"Laptop Lenovo Legion Pro 5 16IRX9, 16"", Intel Core i7-14700HX, 32GB RAM, 1TB SSD, NVIDIA GeForce RTX 4060",Gjirafa50,1679.5,Laptop
"Laptop Lenovo LOQ 17IRX10, 17.3"", Intel Core i5-13450HX, 16GB, 512GB SSD, NVIDIA GeForce RTX 5050 8GB GDDR7, i hirtë",Gjirafa50,1109.5,Laptop
"Laptop Lenovo Legion 7 16IAX10, 16"", Intel Core Ultra 9 275HX, 32GB RAM, 2TB SSD, NVIDIA GeForce RTX 5070 8GB GDDR7, i bardhë",Gjirafa50,2525.5,Laptop
"Laptop Microsoft Surface Go, 12.4"" Touchscreen, Intel Core i5 1035G1, 8 GB RAM, 256 GB SSD, platinum",Gjirafa50,589.5,Laptop
"Laptop Lenovo IdeaPad 1 15AMN7 15.6"", AMD Ryzen 3 7320U, 16GB LPDDR5, 512GB SSD, AMD Radeon 610M, i hirtë",Gjirafa50,349.5,Laptop
"Laptop Lenovo LOQ 15ARP9, 15.6"", AMD Ryzen 5 7235HS, 32GB RAM, 1TB SSD, NVIDIA GeForce RTX 3050",Gjirafa50,985.5,Laptop
"Laptop Lenovo Legion 5 15IAX10, 15.1"", Intel Core Ultra 7 255HX, 32GB RAM, 1TB SSD, NVIDIA GeForce RTX 5070 8GB GDDR7, i zi",Gjirafa50,1679.5,Laptop
"Mbrojtëse për laptop Guess, 13'', rozë",Gjirafa50,62.5,Laptop
"Laptop Lenovo LOQ 15AHP10, 15.6"", AMD Ryzen 5 220, RTX 5050, 16GB RAM, 512GB SSD, i hirtë",Gjirafa50,1079.5,Laptop
"Çantë shpine për laptop Natec CAMEL PRO, 17.3"", e zezë",Gjirafa50,109.5,Laptop
"Çantë për laptop DELL Ecoloop Urban CP4523G, 14-16"", e hirtë",Gjirafa50,49.5,Laptop
"Laptop ASUS TUF Gaming F16 FX607VJ-RL009, 16"", Intel Core i5-210H, 16GB DDR4, 512GB SSD, NVIDIA GeForce RTX 3050, i hirtë",Gjirafa50,699.5,Laptop
"Çantë shpine Dell Ecoloop Pro 15"", e zezë",Gjirafa50,69.5,Other
"Laptop HP HP 17 Core, 17.3"", Intel Core i5 1334U, 16 GB RAM, 512 GB SSD, i argjendtë",Gjirafa50,738.5,Laptop
"Laptop MSI Katana 15 HX B14WFK-494XPL, 15.6"", Intel Core i5-14450HX, 16GB DDR5, 512GB SSD, NVIDIA GeForce RTX 5060 8GB, i zi",Gjirafa50,1039.5,Laptop
"Kompjuter All-in-One Lenovo IdeaCentre 24IRH9, 23.8"", Intel Core i5, 16GB RAM, 512GB SSD, Integrated Intel UHD Graphics, i hirtë",Gjirafa50,569.5,Storage
"Laptop Lenovo        V15 G4 IRU,15.6"", Intel Core i7-13620H, 16GB (2x8GB) RAM, 512GB SSD, Integrated Intel UHD Graphics, i zi",Gjirafa50,539.5,Laptop
"Çantë për laptop WENGER LEGACY, 16'', e hirtë",Gjirafa50,79.5,Laptop
"Laptop ASUS Vivobook 15 OLED (M1505), 15.6"", AMD Ryzen 7 7730U, 16GB RAM, 1TB SSD, i argjendtë",Gjirafa50,719.5,Laptop
"Apple MacBook Air, 15.3"", M4 10-core, 16GB, 256GB SSD, 10-core GPU, Sky Blue",Gjirafa50,1499.5,Laptop
"Laptop ASUS TUF Gaming F16 FX607VJ-RL009, 16"", Intel Core i5-210H, 16GB DDR4, 512GB SSD, NVIDIA GeForce RTX 3050, i hirtë",Gjirafa50,863.5,Laptop
"Laptop Lenovo LOQ 15AHP10, 15.6"", AMD Ryzen 7 250, 16GB, 512GB SSD, NVIDIA GeForce RTX 5050 8GB GDDR7, i hirtë",Gjirafa50,979.5,Laptop
"Laptop MSI Vector 16 HX AI A2XWHG-446XCZ 16"", Core Ultra 9 275HX, RTX 5070 Ti 12 GB, 32 GB RAM, 1 TB SSD, i hirtë",Gjirafa50,2149.5,Laptop
"Ftohës për laptop Trust NB, GXT 220",Gjirafa50,39.5,Laptop
"Kompjuter Lenovo Legion T5 30IAX10, Intel Core Ultra 7 255HX, 32GB RAM, 2 TB M.2 PCIe, NVIDIA GeForce RTX 5060 Ti 8GB GDDR7, i zi",Gjirafa50,1753.5,Other
"Apple MacBook Air, 13.6"", M4 10-core, 16GB, 256GB SSD, 8-core GPU, Sky Blue",Gjirafa50,1199.5,Laptop
Kompjuter ASRock DESKMEET X300 AM4 DDR4 PCIe 3.0 x16,Gjirafa50,309.5,Other
"Laptop MSI Katana 17 HX B14WGK-025CZ 17"", Core i9-14900HX, RTX 5070 8 GB, 32 GB RAM, 1 TB SSD, i zi",Gjirafa50,2099.5,Laptop
"Laptop Lenovo Legion Pro 7 16IAX10H, 16"", Intel Core Ultra 9 275HX, 64GB DDR5, 1TB SSD, NVIDIA GeForce RTX 5090, i zi",Gjirafa50,4718.5,Laptop
"Laptop Lenovo LOQ 17IRX10, 17.3"", Intel i5-13450HX, 16GB DDR5 4800, 1TB SSD, NVIDIA GeForce RTX 5050 8GB, i hirtë",Gjirafa50,1189.5,Laptop
"Mbajtëse për laptop ZOY ZLS08, e argjendtë",Gjirafa50,29.5,Laptop
"Monitor Samsung ViewFinity S9 S95UC, 49"", VA, i zi",Gjirafa50,1367.5,Monitor
"Çantë shpine për laptop Natec Merino 15.6"" e zezë",Gjirafa50,39.5,Laptop
"Docking station ZOY ZH61, HDMI, USB-C, i zi",Gjirafa50,29.5,Storage
"Laptop MSI Katana 17 B13VEK-1261XPL, 17"", Intel Core i7-13620H, 16GB RAM, 1TB SSD, GeForce Nvidia RTX 4050",Gjirafa50,1169.5,Laptop
"Ftohës për laptop Esperanza EA141, 17""",Gjirafa50,14.5,Laptop
"Tastierë Mekanike Gaming MEETION MK006 Pro (Red Switch, USB, e Zezë)",Gjirafa50,34.99,Storage
"Laptop Lenovo Legion Pro 5 16IRX9, 16"", Intel Core i7-14700HX, 32GB RAM, 1TB SSD, NVIDIA GeForce RTX 4060",Gjirafa50,2149.5,Laptop
Meetion MT-MK12 – Tastierë Mekanike 65% me Ndriçim RGB dhe Lidhje Tri-Modale,Gjirafa50,39.5,Other
"Çantë HP Backpack 15.6-inch Modular Laptop, e hirtë/ e gjelbërt",Gjirafa50,115.5,Laptop
"Kompjuter Lenovo AIO Yoga 7, 27"", AMD Ryzen 7 8845HS, 16GB RAM, 512GB SSD, AMD Radeon 780M Graphics, i hirtë",Gjirafa50,879.5,Storage
"Laptop DELL NB Vostro 3530, 15.6"", Intel Core i7-1355U, 8GB RAM, 512GB SSD, i zi karbon",Gjirafa50,559.5,Laptop
"Laptop MSI Crosshair 18 HX AI A2XWFKG, 18"", Intel Core Ultra 9 275HX, 32GB RAM, 2TB SSD, NVIDIA RTX 5060, i zi",Gjirafa50,1889.5,Laptop
"Laptop Lenovo LOQ 15IRX10, Intel Core i7-13650HX, 15.6"", 24GB DDR5, 1TB SSD, RTX 5070 8GB, i hirtë",Gjirafa50,1319.5,Laptop
"Laptop ASUS ROG Zephyrus G14 14″, Ryzen AI 9 HX 370, RTX 5060, 32 GB RAM, 1 TB SSD, i hirtë",Gjirafa50,3167.5,Laptop
Memorie RAM Hiksemi Armor DDR4 3200MHz 16GB (HSC416U32D2) – Heatsink i Zi për Desktop,Gjirafa50,129.99,Other
"Laptop ASUS TUF Gaming A16 FA608UP-R7165W, Ryzen 7 260, 16"", 16GB DDR5, 512GB SSD, GeForce RTX 5070, i hirtë errët",Gjirafa50,1499.5,Laptop
"Laptop Lenovo LOQ 15ARP9, 15.6"", AMD Ryzen 5 7235HS, 32GB RAM, 1TB SSD, NVIDIA GeForce RTX 3050, Windows 11 Home",Gjirafa50,1106.5,Laptop
"Laptop Lenovo Legion Pro 5 16AFR10, 16'', AMD Ryzen 9 9955HX, 32GB RAM, 2TB SSD, NVIDIA GeForce RTX 5070, i zi",Gjirafa50,1979.5,Laptop
"Laptop Lenovo V V17, 17.3"", Intel i5-13420H, 16 GB RAM, 512 GB SSD, i hirtë",Gjirafa50,879.5,Laptop
"Laptop Lenovo V15 G5 IRL, 15.6'', Intel Core 3 100U, 16GB RAM, 512GB SSD, i zi",Gjirafa50,349.5,Laptop
"Laptop Lenovo LOQ 15ARP9, 15.6"", AMD Ryzen 5 7235HS, 16GB RAM, 512GB SSD, RTX 3050, 144Hz, i hirtë",Gjirafa50,939.5,Laptop
"Laptop MSI Cyborg 15 B2RW, 15.6″, Intel Core 5 210H, 16GB RAM, 512GB SSD, NVIDIA GeForce RTX 5050 8GB, i zi",Gjirafa50,879.5,Laptop
"Laptop GIGABYTE Gaming A18 3WH, 18"", AMD Ryzen 7 260, 16GB DDR5, 1TB SSD, NVIDIA GeForce RTX 5070 8GB GDDR7, i zi",Gjirafa50,1699.5,Laptop
"Laptop ASUS ROG Strix G16 G615LP-NEBULA016W, 16"", Intel Core Ultra 9 275HX, 32GB RAM, 1TB SSD, i hirtë",Gjirafa50,2479.5,Laptop
"Çantë shpine DELL AW323P, 17""",Gjirafa50,59.5,Other
"Kompjuter All in-one HP ProOne 240 G10, 23.8'', 16GB, 513GB SSD, i hirtë",Gjirafa50,719.5,Storage
Case Asus ROG Strix Arion (90DD02H0-M09000),Gjirafa50,85.5,Other
"Laptop MSI Modern 14, 14"", Intel Core i5 1235U, 16 GB RAM, 512 GB SSD, i zi",Gjirafa50,479.5,Laptop
"Çantë për laptop Dicota Eco Base Plus 15.6"", e zezë",Gjirafa50,91.5,Laptop
"Çantë HP Backpack Renew Business 17.3'', e zezë",Gjirafa50,49.5,Other
"Mbajtëse ftohëse për laptop Techly, deri në 17.3""",Gjirafa50,19.5,Laptop
"Monitor Asus ROG Swift PG27UCDM, 26.5', 4K, OLED",Gjirafa50,1344.5,Monitor
"Mbajtëse për laptop Genius G-Stand M250, e zezë",Gjirafa50,19.5,Laptop
"Laptop Lenovo Yoga Pro 7 14ASP10, AMD Ryzen AI 9 365, 14.5"", 32GB RAM, 1TB SSD, AMD Radeon 880M, i kaltër",Gjirafa50,1129.5,Laptop
"Laptop ASUS ProArt P16 16″ OLED, Ryzen AI 9 HX 370, RTX 4070, 64 GB RAM, 2 TB SSD, i zi",Gjirafa50,3879.5,Laptop
"Apple MacBook Pro 14"", M4 Pro 12‑core, 24GB, 512GB SSD, 16‑core GPU, Space Black",Gjirafa50,2349.5,Laptop
"Çantë shpine Lenovo Everyday B515, 15.6"", e zezë",Gjirafa50,29.5,Other
"Laptop Lenovo Legion Pro 7 16IAX10H, 16"", Intel Core Ultra 9 275HX, 64GB DDR5, 2TB SSD, NVIDIA GeForce RTX 5090, i        zi",Gjirafa50,4827.5,Laptop
"Çantë Lenovo ThinkPad Basic 15.6"", e zezë",Gjirafa50,38.5,Other
"Apple MacBook Pro 14"", M4 Pro 12‑core, 24GB, 512GB SSD, 16‑core GPU, Silver",Gjirafa50,2349.5,Laptop
"Apple MacBook Pro 16"", M4 Pro 14‑core, 24GB, 512GB SSD, 20‑core GPU, Space Black",Gjirafa50,2899.5,Laptop
"Kompjuter All-in-One Lenovo IdeaCentre 27IRH9, 27', Intel Core i7-13620H, 16GB RAM, 1TB SSD, Intel UHD Graphics, i hirtë",Gjirafa50,779.5,Storage
"Laptop MSI Vector A18 HX A9WHG-238CZ, 18"", WQXGA, AMD R9-9955HX, 32GB RAM, 2TB SSD,Nvidia RTX 5070Ti, i hirtë",Gjirafa50,3162.5,Laptop
"Laptop Lenovo NB IdeaPad Slim 5 14IRH10, 14', 32GB RAM, 1TB SSD, Intel UHD Graphics, i hirtë",Gjirafa50,771.5,Laptop
"Laptop MSI Titan 18 HX AI A2XWJG-612CZ, 18"", Intel Core Ultra 9 285HX, 64GB RAM, 4TB SSD, i zi/i hirtë",Gjirafa50,5723.5,Laptop
"Laptop Lenovo LOQ 15IRX10, 15.6"", Intel Core i5-13450HX, 16GB RAM, 512GB SSD, NVIDIA GeForce RTX 5050 8GB GDDR7, i hirtë",Gjirafa50,1019.5,Laptop
"Kompjuter Lenovo AIO A100, 23.8"", Intel Core i3-N305,16GB RAM, 512GB SSD, Intel UHD Graphics, i bardhë",Gjirafa50,429.5,Storage
"Laptop GIGABYTE Gaming A18, 18"", AMD Ryzen 7 260, 16GB DDR5, 1TB SSD, NVIDIA GeForce RTX 5070 8GB GDDR7, i zi",Gjirafa50,1573.5,Laptop
"Kompjuter Lenovo LOQ Tower 17IRR9, i5-14400F, 16GB DDR5, 1TB SSD, RTX 3050, Windows 11 Home, i zi",Gjirafa50,1023.5,Storage
"Dell OptiPlex 7020, Intel Core i5-14500, 8GB RAM, 512GB SSD, UHD Graphics 770, i zi",Gjirafa50,927.5,Storage
"Laptop MSI Crosshair A16 HX D7WFKG-077XPL, 16"", AMD Ryzen 9 7945HX, 16GB RAM, 512GB SSD, NVIDIA GeForce RTX 5060, i zi",Gjirafa50,1279.5,Laptop
"Çantë shpine Dell Premier (460-BCQK) për laptop 15"", e zezë",Gjirafa50,252.5,Laptop
"Laptop Lenovo LOQ 15IRX10, 15.6"" FHD IPS 144Hz, Intel Core i5-13450HX, 16GB DDR5 4800, 1TB SSD, NVIDIA GeForce RTX 5050 8GB, i hirtë",Gjirafa50,999.5,Laptop
"Mbajtëse monitori për tavolinë AOC, 2 monitora, 17"" - 34""",Gjirafa50,141.5,Monitor
"Laptop Lenovo Legion Pro 7 16IAX10H, 16"", Intel Core Ultra 9 275HX, 32GB RAM, 2TB SSD, NVIDIA GeForce RTX 5070 Ti 12GB, i zi",Gjirafa50,3269.5,Laptop
"Apple 240W USB-C Charge Cable, 2m",Gjirafa50,39.5,Storage
"Çantë shpine Lenovo Sport Targus, 15.6"", e zezë",Gjirafa50,29.5,Other
"Kompjuter Lenovo Legion T5 30IAX10, Intel Core Ultra 7 255HX, 32 GB, 2 TB M.2 PCIe, NVIDIA GeForce 5070, i zi",Gjirafa50,2118.5,Other
"Mini PC RASPBERRY Pi 5, 4GB",Gjirafa50,89.5,Other
"Laptop Lenovo Yoga Slim 9 14ILL10, 14"", Intel Core Ultra 7 258V, Touchscreen WQUXGA, 32 GB LPDDR5x-SDRAM, 1 TB SSD, Teal",Gjirafa50,2029.5,Laptop
"Çantë për laptop HP Prelude, 15,6"", e zezë",Gjirafa50,29.5,Laptop
"Laptop Dell Vostro 3530, 15.6"", Intel Core i7-1355U, 16GB RAM, 512GB SSD",Gjirafa50,849.5,Laptop
"Mbajtëse për laptop Mozos LS1 15"" (LS1-ALU), e zezë",Gjirafa50,49.5,Laptop
"Laptop Microsoft Surface Go 4, 10.5"", Intel N200, 8GB RAM DDR5L, 128GB SSD, Intel UHD Graphics Xe, platinum",Gjirafa50,739.5,Laptop
"Çantë shpine për laptop Port Designs 160511, 17.3"", e zezë",Gjirafa50,129.5,Laptop
"Laptop MSI Raider A18 HX A9WJG-067CZ, 18"", Ryzen 9 9955HX3D, 64GB RAM, 2TB SSD, i zi",Gjirafa50,4829.5,Laptop
"Apple iPhone 17 Pro Max, 256GB, Cosmic Orange",Gjirafa50,1699.5,Smartphone
"Apple iPhone 17 Pro Max, 256GB, Deep Blue",Gjirafa50,1699.5,Smartphone
"Apple iPhone 17 Pro, 256GB, Cosmic Orange",Gjirafa50,1499.5,Smartphone
"Apple iPhone 17 Pro Max, 256GB, Silver",Gjirafa50,1699.5,Smartphone
"Apple iPhone 17 Pro, 256GB, Deep Blue",Gjirafa50,1499.5,Smartphone
"Apple iPhone 17 Pro, 256GB, Silver",Gjirafa50,1499.5,Smartphone
"Kuletë kartash për celular ESR, e kaftë",Gjirafa50,19.5,Other
"Celular Samsung Galaxy A56 5G, 8/128GB, i zi",Gjirafa50,359.5,Smartphone
"Apple iPhone 17, 256GB, Black",Gjirafa50,1099.5,Smartphone
"Apple iPhone 17 Pro, 512GB, Cosmic Orange",Gjirafa50,1799.5,Smartphone
"Celular Samsung Galaxy S25 Ultra, 6.9"", 12GB/ 512GB, Titanium Black",Gjirafa50,1299.5,Smartphone
"Lexues i kartave AXAGON CRE-SM3N, USB-A, 1.3, i zi",Gjirafa50,19.5,Storage
"Apple iPhone 16, 128GB, Black",Gjirafa50,899.5,Smartphone
"Apple iPhone 17, 256GB, Lavender",Gjirafa50,1099.5,Smartphone
"Apple iPhone 16, 128GB, Pink",Gjirafa50,999.5,Smartphone
"Apple iPhone 16 Pro Max Silicone Case with MagSafe, Denim",Gjirafa50,69.5,Smartphone
"Mbrojtëse hibride për iPhone 17 Pro ESR, e portokalltë",Gjirafa50,14.5,Smartphone
"Apple iPad (A16), 11"", Wi-Fi, 128GB, Pink",Gjirafa50,409.5,Tablet
"Apple iPhone Air, 256GB, Space Black",Gjirafa50,1399.5,Smartphone
"Apple iPhone 15, 128GB, Black",Gjirafa50,899.5,Smartphone
Apple 20W USB-C Power Adapter,Gjirafa50,29.5,Storage
"Mbrojtëse hibride për iPhone 17 Pro Max ESR, transparente",Gjirafa50,14.5,Smartphone
"Mbështjellëse për iPhone 14 Pro Max Spigen Liquid Air, e zezë",Gjirafa50,19.5,Smartphone
"Apple iPhone 16 Plus, 128GB, Pink",Gjirafa50,1299.5,Smartphone
"Celular Samsung Galaxy A16, 4GB/ 128GB, i hirtë",Gjirafa50,178.5,Smartphone
"Apple iPhone 15, 128GB, Pink",Gjirafa50,899.5,Smartphone
"Beats iPhone 17 Pro Max Case with MagSafe and Camera Control, Pebble Pink",Gjirafa50,49.5,Smartphone
Apple iPhone 16 Pro Max Clear Case with MagSafe,Gjirafa50,69.5,Smartphone
"Apple iPhone 17 Pro Max Silicone Case with MagSafe, Orange",Gjirafa50,69.5,Smartphone
Apple iPhone 17 Pro Clear Case with MagSafe,Gjirafa50,69.5,Smartphone
"Beats iPhone 17 Pro Case with MagSafe and Camera Control, Pebble Pink",Gjirafa50,49.5,Smartphone
"Apple iPhone 17 Pro Max, 1TB, Deep Blue",Gjirafa50,2249.5,Smartphone
"Apple iPad (A16), 11"", Wi-Fi, 128GB, Silver",Gjirafa50,409.5,Tablet
"Mbrojtëse me mbajtëse për iPhone 17 Pro Max ESR, rozë",Gjirafa50,24.5,Smartphone
"Apple iPhone 17 Pro, 1TB, Silver",Gjirafa50,2099.5,Smartphone
"Celular Samsung Galaxy S25 Ultra, 6.9"", 12GB/ 512GB, Titanium Silverblue",Gjirafa50,1649.5,Smartphone
"Mbështjellës për Apple Watch 45mm/44mm Spigen Lite Fit Pro, i zi",Gjirafa50,39.5,Smartwatch
"Celular Xiaomi 14T Pro 5G, 6.67"", 12/512GB, i zi",Gjirafa50,742.5,Smartphone
"Mbrojtëse hibride për iPhone 17 Pro ESR,e kaltër",Gjirafa50,13.5,Smartphone
"Apple iPad (A16), 11"", Wi-Fi, 128GB, Blue",Gjirafa50,409.5,Tablet
"Apple iPhone Air, 256GB, Light Gold",Gjirafa50,1399.5,Smartphone
"Apple iPhone 17 Pro Max Silicone Case with MagSafe, Terra Cotta",Gjirafa50,69.5,Smartphone
"Apple iPhone 16 Pro Silicone Case with MagSafe, Denim",Gjirafa50,69.5,Smartphone
"Celular Samsung Galaxy S25 FE, 6.7"", 8/256GB, i zi",Gjirafa50,849.5,Smartphone
Set me vegla pune për telefon IFIXIT Pro Tech Repair (EU145307-4),Gjirafa50,89.5,Other
"Apple iPhone 17, 256GB, Sage",Gjirafa50,1099.5,Smartphone
"Apple iPhone 17, 256GB, Mist Blue",Gjirafa50,1099.5,Smartphone
"Celular Xiaomi 15T Pro, 6.83"", 12/1024GB, i hirtë",Gjirafa50,1014.5,Smartphone
"Celular Samsung Galaxy S25, 6.2"", 12GB/ 256GB, Navy",Gjirafa50,1029.5,Smartphone
"Celular Samsung Galaxy A16, 4GB/128GB, i zi",Gjirafa50,178.5,Smartphone
"Mbështjellëse për Samsung Galaxy S24 Ultra Spigen Liquid Air, e zezë",Gjirafa50,19.5,Smartphone
"Mbrojtëse Spigen Liquid Crystal për Apple iPhone 14 Pro Max, transparente",Gjirafa50,16.5,Smartphone
"Celular Samsung Galaxy A16 LTE, 6.7"", 4GB/128GB, i gjelbër i hapur",Gjirafa50,189.5,Smartphone
"Apple iPhone 16, 128GB, Teal",Gjirafa50,999.5,Smartphone
"Kuletë kartash me mbajtëse për celular ESR, e kaftë",Gjirafa50,19.5,Other
"Tablet Samsung Galaxy Tab A9+ LTE X216, 6/128, i hirtë",Gjirafa50,249.5,Smartphone
"Apple iPhone 17 Pro Max TechWoven Case with MagSafe, Blue",Gjirafa50,79.5,Smartphone
"Mbrojtëse për tablet iPad Air 10.9"" Spigen Ultra Hybrid Pro, rozë e artë",Gjirafa50,54.5,Tablet
"Celular Samsung Galaxy S25 FE, 6.7"", 8/128GB, i kaltër",Gjirafa50,779.5,Smartphone
"Celular Nothing Phone (3), 6.67″, 16 GB RAM/512 GB, i zi",Gjirafa50,949.5,Other
Apple iPhone 16 Pro Clear Case with MagSafe,Gjirafa50,69.5,Smartphone
"Apple iPhone 17 Pro Max TechWoven Case with MagSafe, Sienna",Gjirafa50,79.5,Smartphone
"Celular Google Pixel 10 Pro XL, 6.8"", 16/256GB, bezhë",Gjirafa50,1424.5,Smartphone
"Tablet Lenovo Tab M10 MediaTek, 10.1"", 64GB, Full HD, Android 14, i hirtë",Gjirafa50,109.5,Tablet
"Celular Samsung Galaxy A56 5G, 8/128GB, i gjelbër",Gjirafa50,499.5,Smartphone
"Celular Samsung Galaxy S24 FE, 6.7"", 8GB/ 256GB, grafit",Gjirafa50,929.5,Smartphone
"Tablet Lenovo Tab M9 Mediatek, 9"", 32GB, Full HD, Android 12, i hirtë",Gjirafa50,89.5,Tablet
"Celular Samsung Galaxy Z Fold 7, 12GB/ 256GB, i zi",Gjirafa50,2249.5,Smartphone
"Mbrojtëse me mbajtëse ESR për iPhone 17 Pro Max, transparente",Gjirafa50,19.5,Smartphone
"Celular myPhone HAMMER Rock, i zi",Gjirafa50,59.5,Other
"Celular Motorola Edge 50 Ultra 5G, 6.7"", 1 TB, 16 GB RAM, i hirtë",Gjirafa50,833.5,Other
"Laps për IPad Tech-Protect Digital Stylus, i bardhë",Gjirafa50,29.5,Tablet
"Apple iPhone 17 Pro TechWoven Case with MagSafe, Sienna",Gjirafa50,79.5,Smartphone
"Celular Samsung Galaxy A16 LTE, 6.7"", 8GB/256GB, i zi",Gjirafa50,249.5,Smartphone
"Beats iPhone 17 Pro Kickstand Case with MagSafe and Camera Control, Pebble Pink",Gjirafa50,59.5,Smartphone
"Apple iPhone 17 Pro Max, 512GB, Cosmic Orange",Gjirafa50,1999.5,Smartphone
"Mbrojtëse Apple për iPhone Xr, transparente",Gjirafa50,46.5,Smartphone
"Mbrojtëse për celular iPhone 14 Pro Spigen Cyrill Cecile, transparente",Gjirafa50,33.5,Smartphone
"Tablet Lenovo Tab M11 (ZADB0324PL), 11"", 8GB/128GB, Android 11, 4G LTE, i hirtë",Gjirafa50,309.5,Tablet
"Mbështjellës për Samsung Galaxy S24 Ultra Spigen Tough Armor, i kaftë",Gjirafa50,33.5,Smartphone
"Apple iPhone 15, 128GB, Blue",Gjirafa50,899.5,Smartphone
Karikues Samsung EP-T4511XBEGEU 1x USB-C 3 A,Gjirafa50,39.5,Storage
"Apple iPhone 17, 512GB, Lavender",Gjirafa50,1399.5,Smartphone
"Mbrojtëse hibride për iPhone 17 Pro Max ESR, transparente/zezë",Gjirafa50,14.5,Smartphone
"Apple iPhone 17, 256GB, White",Gjirafa50,1099.5,Smartphone
"Apple iPhone Air, 256GB, Sky Blue",Gjirafa50,1399.5,Smartphone
"Celular Nothing Phone(3a), 6.77"", 12GB/256GB, i zi",Gjirafa50,399.5,Other
"Mbrojtëse Spigen Liquid Air për Samsung Galaxy S25 Ultra, e zezë",Gjirafa50,19.5,Smartphone
"Apple iPhone Air, 256GB, Cloud White",Gjirafa50,1399.5,Smartphone
"Apple iPhone 16e, 128GB, Black",Gjirafa50,799.5,Smartphone
"Tablet Lenovo Tab M11, 11’, 8/128 GB, i hirtë",Gjirafa50,179.5,Tablet
"Celular Samsung Galaxy A56 5G, 8/128GB, rozë",Gjirafa50,499.5,Smartphone
"Celular Nothing Phone(3a), 6.77"", 8GB/128GB, i zi",Gjirafa50,349.5,Other
"Celular Samsung Galaxy S25 FE, 6.7"", 8/128GB, i zi",Gjirafa50,779.5,Smartphone
"Celular Nothing Phone (3), 6.67″, 16 GB RAM/512 GB, i bardhë",Gjirafa50,929.5,Other
"Apple iPad Pro (M4), 11"", Wi-Fi, 256GB, Standard Glass, Space Black",Gjirafa50,1169.5,Tablet
"Apple iPhone 17 Pro Silicone Case with MagSafe, Orange",Gjirafa50,69.5,Smartphone
"Karikues Samsung (45W) me kabllo USB-C, i zi",Gjirafa50,49.5,Storage
"Mbrojtëse për celular iPhone 15 Pro Spigen Cyrill Cecile, transparente",Gjirafa50,19.5,Smartphone
"Beats iPhone 17 Pro Max Kickstand Case with MagSafe and Camera Control, Pebble Pink",Gjirafa50,59.5,Smartphone
"Mbrojtëse për celular Samsung Galaxy S23 Ultra Spigen Cyrill UltraColor, e gjelbër",Gjirafa50,29.5,Smartphone
"Mbrojtëse për celular Samsung Galaxy S24 Ultra Spigen Liquid Air, vjollcë e errët",Gjirafa50,19.5,Smartphone
"Kuletë kartash për celular ESR, e kaltër",Gjirafa50,19.5,Other
"Celular Samsung Galaxy A16 4G SM-A16FB, 6.7"", 4GB/128GB, i zi",Gjirafa50,119,Smartphone
"Lexues Kindle Paperwhite 12th gen, 7"", 16 GB, Wi-Fi, i zi",Gjirafa50,243.5,Other
"Apple iPhone 16 Pro Max Silicone Case with MagSafe, Black",Gjirafa50,69.5,Smartphone
Apple iPhone Air MagSafe Battery,Gjirafa50,149.5,Smartphone
"Apple iPhone 16, 128GB, Ultramarine",Gjirafa50,999.5,Smartphone
"Apple iPhone 17 Pro TechWoven Case with MagSafe, Blue",Gjirafa50,79.5,Smartphone
"Mbështjellës për iPhone XS Max Spigen Ultra Hybrid, transparent",Gjirafa50,23.5,Smartphone
"Celular Samsung Galaxy S24 FE, 6.7"", 8GB/ 128GB, grafit",Gjirafa50,779.5,Smartphone
"Gjurmues Samsung Galaxy Smart Tag2, bluetooth, GPS, i zi",Gjirafa50,43.5,Smartphone
"Tablet Samsung Galaxy S10 Lite X400, 10.9'', 6/128 GB, i hirtë",Gjirafa50,369.5,Smartphone
"Kuletë kartash për celular ESR, e zezë",Gjirafa50,19.5,Other
"Apple iPhone 16, 128GB, White",Gjirafa50,999.5,Smartphone
"Mbrojtëse me mbajtëse për iPhone 17 Pro Max ESR, e kaltër",Gjirafa50,24.5,Smartphone
"Mbrojtëse hibride për iPhone 17 Pro Max ESR, rozë",Gjirafa50,14.5,Smartphone
"Apple iPad (A16), 11"", Cellular, 128GB, Pink",Gjirafa50,599.5,Tablet
"Powerbank Epico Aluminum MagSafe, 5000mAh, i zi",Gjirafa50,54.5,Other
"Celulular Samsung Galaxy A26 5G, 7"", 6GB RAM, 128GB, Dual SIM, i zi",Gjirafa50,329.5,Smartphone
"Celular Samsung Galaxy A56 5G, 8/128GB, i hirtë",Gjirafa50,499.5,Smartphone
"Mbrojtëse ekrani ESR Armorite Pro për iPhone 17 Pro Max, 2 copë",Gjirafa50,19.5,Smartphone
"Celular Xiaomi 15T Pro, 6.83"", 12/512GB, i hirtë",Gjirafa50,938.5,Smartphone
"Beats iPhone 17 Case with MagSafe and Camera Control, Pebble Pink",Gjirafa50,49.5,Smartphone
"Apple iPhone 17 Pro Max, 512GB, Deep Blue",Gjirafa50,1999.5,Smartphone
"Stabilizues për celular DJI Mobile SE Gimbal, i hirtë",Gjirafa50,99.5,Other
"Celular Motorola Moto Razr 50 Ultra 5G, 6.9"", 512GB, 12GB RAM, i kaltër",Gjirafa50,859.5,Other
"Beats iPhone 17 Pro Max Case with MagSafe and Camera Control, Lime Stone",Gjirafa50,49.5,Smartphone
"Mbrojtëse hibride për iPhone 17 Pro ESR, rozë",Gjirafa50,14.5,Smartphone
"Apple iPhone 14 Pro Silicone Case me MagSafe, Chalk Pink",Gjirafa50,76.5,Smartphone
"Dëgjuese Xiaomi Redmi Buds 6 Lite, Bluetooth, të zeza",Gjirafa50,39.5,Smartphone
Apple Pencil (USB-C),Gjirafa50,109.5,Storage
"Apple iPhone 17 Pro Silicone Case with MagSafe, Terra Cotta",Gjirafa50,69.5,Smartphone
"Celular Samsung Galaxy A17, 6.7”, 4/128 RAM, i hirtë",Gjirafa50,199.5,Smartphone
"Mbrojtëse magnetike për iPhone 17 Pro Max ESR, e gjelbër",Gjirafa50,29.5,Smartphone
"Mbështjellës për iPhone 15 Pro Max Spigen Liquid Crystal Glitter, rozë",Gjirafa50,14.5,Smartphone
"Apple iPhone 16 Plus, 128GB, Ultramarine",Gjirafa50,1299.5,Smartphone
Apple Magic Keyboard Folio për iPad (10th gen) - International English,Gjirafa50,346.5,Tablet
Apple USB-C to Lightning Cable (1 m),Gjirafa50,29.5,Storage
"Apple iPhone FineWoven Wallet with MagSafe, Fox Orange",Gjirafa50,79.5,Smartphone
"Televizor Samsung QE65Q70DATXXH, 65"", QLED, 4K, i zi",Gjirafa50,1549.5,Other
"Televizor Samsung UE55BU8572UXXH, 55"", 4K UHD, i zi",Gjirafa50,849.5,Other
Sony Cyber-shot DSC-RX100 VII,Gjirafa50,1350,Other
"Televizor Grundig 65GIQ8950B, QLED, 65"", 4K Ultra HD, i zi",Gjirafa50,549.5,Other
"Mbajtëse muri për TV Maclean MC-412, 32-70"", VESA 400x400, e zezë",Gjirafa50,11.5,TV
"Televizor MINI LED TCL 75C803, 75"", 4K Ultra HD, i zi",Gjirafa50,1499.5,Other
"Fotoaparat Kodak Friendly Zoom FZ45, i zi",Gjirafa50,172.5,Other
"Mbajtëse për TV Maclean MC-760, 32-55"", 30kg, VESA 400x400, e zezë",Gjirafa50,33.5,TV
"Televizor GRUNDIG 55GHU7990B, LED, 55"", 4K Ultra HD, i zi",Gjirafa50,379.5,Other
"Projektor Acer VP X1123HP DLP 3D, SVGA (800 x 600), i zi",Gjirafa50,319.5,Other
"Televizor Samsung UE50DU7172UXXH, 50"", Crystal Smart TV, 4K UHD, i zi (2024)",Gjirafa50,699.5,TV
"Set Fujifilm, fotoaparat Instax Mini 12 + 10 copë filma fotografik + çantë, vjollcë",Gjirafa50,149.5,Other
"Set Fujifilm, fotoaparat Instax Mini 12 + 10 copë filma fotografik, vjollcë",Gjirafa50,149.5,Other
"Set Fujifilm, fotoaparat Instax Mini 12 + 10 copë filma fotografik, rozë",Gjirafa50,149.5,Other
Set Altoparlantësh Genius SW-HF5.1 4500 V2,Gjirafa50,218.5,Other
Insta360 GO 2 64GB,Gjirafa50,425,Other
"Mbajtëse për TV Maclean MC-891, 37-70"", 35kg, VESA 600x400, Elektrike, e zezë",Gjirafa50,296.5,TV
"Televizor TCL 75C6K, QLED 75'' 4K, 144Hz, Google TV 2.1CH ONKYO, i zi",Gjirafa50,1257.5,TV
"Televizor TCL LED 65V6B, 65"", 4K HDR, i zi",Gjirafa50,563.5,Other
"Fotoaparat Canon EOS RP, i zi + RF 24-105mm F4-7.1 IS STM",Gjirafa50,1429.5,Other
"Fotoaparat Fujifilm Instax MINI 12, vjollcë",Gjirafa50,129.5,Other
Lens Coffee Mug Canon,Gjirafa50,15,Other
"Pajisje multimediale Xiaomi TV Box S, gjenerata 2",Gjirafa50,91.5,Smartphone
"Fotoaparat Fujifilm Instax MINI 12, rozë",Gjirafa50,99.5,Other
"Projektor Samsung The Freestyle Gen.2 HDR, i bardhë",Gjirafa50,643.5,Other
"Televizor Fuego 55ELU720GTV, LED, 55"", 4K Ultra HD, i zi",Gjirafa50,419.5,TV
"Televizor Grundig 65GHU7990B, LED, 65"", 4K Ultra HD, i hirtë",Gjirafa50,675.5,Other
Easy Folding Backdrop System,Gjirafa50,475,Other
PATONA Premium Powerstation Outdoor 300/ 300W 283Wh,Gjirafa50,250,Other
"Televizor Samsung QE43Q60C, 43"" (108cm), 4K UHD, i zi",Gjirafa50,479.5,Other
"Regjistrues video Vantrue E1 LITE, 1080p, 160°, Wi-Fi, e zezë",Gjirafa50,149.5,Other
"Kamerë GoPro HERO, e zezë",Gjirafa50,294.5,Other
SmallRig Mini V Mount Battery Plate with Belt Clip,Gjirafa50,45,Other
Sony ZV-E10 II 16-50mm,Gjirafa50,1275,Other
LED Corn Lights,Gjirafa50,15,Other
Sony a6400 18-135mm,Gjirafa50,1695,Other
"Radio GoGEN Déčko, kaltër",Gjirafa50,89.5,Other
"Televizor Philips 65PUS7609/12, 65"", 4K Ultra HD, i hirtë",Gjirafa50,699.5,Other
"Kompresor ajri për veturë Navitel AIR 15 AL, i zi",Gjirafa50,66.5,Other
"Mbajtës për TV Maclean, 37-80"", 40 kg, i zi",Gjirafa50,34.5,TV
"Kamera IP Dahua IPC-HFW1439TL1-A-IL, 4MP, e bardhë",Gjirafa50,92.5,Other
"Mbajtëse LogiLink, për TV 32""-70"", e zezë",Gjirafa50,49.5,TV
"Televizor Samsung UE65DU8072UXXH, 65"", LED 4K UHD, i zi",Gjirafa50,699.5,Other
"Kamerë Insta360 X4, e zezë",Gjirafa50,519.5,Other
Zhiyun FIVERAY M40 Pocket LED Light,Gjirafa50,125,Other
"Televizor Samsung Crystal UHD CU7092 Smart TV (2024), 50"", 4K UHD, i zi",Gjirafa50,549.5,TV
Instax Mini Film x 20,Gjirafa50,25,Other
Pajisje multimediale Amazon Fire TV Stick 2021,Gjirafa50,115.5,TV
Gramafon Sencor STT 510UBA,Gjirafa50,187.5,Other
"Televizor Fuego 65ELU720GTV, LED, 65"", 4K Ultra HD, i zi",Gjirafa50,399.5,TV
"Televizor Lg 55UR78003LK, 55"", LED, 4K UHD, Smart, webOS",Gjirafa50,369,Other
"Mbajtëse muri për TV Esperanza Titan, 26-70"", 55kg, e zezë",Gjirafa50,27.5,TV
DJI Osmo Pocket 3,Gjirafa50,650,Other
"Kamera Insta360 X5, e zezë",Gjirafa50,699.5,Other
"Telekomandë LG MR25GA AI, e zezë",Gjirafa50,38.5,Other
"Televizor Philips 75PUS7609/12, 75"", 4K UHD, i zi",Gjirafa50,999.5,Other
Instax Mini 12 Camera Blossom Pink,Gjirafa50,115,Camera
"Fotoaparat Fujifilm Instax MINI 12, i kaltër",Gjirafa50,134.5,Other
DJI Osmo Pocket 3 Creator Combo,Gjirafa50,790,Other
"Televizor Samsung UE98DU9072UXXH, 98"", LED, UHD 4K, Smart TV Tizen, i zi",Gjirafa50,2799,TV
"Kamerë DJI Osmo Pocket 3 Creator Combo 4K, e zezë",Gjirafa50,766.5,Other
"Televizor TCL 55V6B, LED, 55"", 4K Ultra HD, i zi",Gjirafa50,319.5,Other
3.0x Smartphone Lens (Wide Angle),Gjirafa50,25,Smartphone
"Televizor Fuego 43ELU720GTV, LED, 43"", Full HD, i hirtë",Gjirafa50,179.5,TV
"Kartë e memories SanDisk Extreme PRO, SDXC, 256 GB, Class 10",Gjirafa50,59.5,Other
"Kamerë DJI Osmo Action 5 Pro Adventure Combo, e zezë",Gjirafa50,587.5,Other
"Fotoaparat digjital AgfaPhoto DC5200, i argjendtë",Gjirafa50,79.5,Other
"Televizor Samsung UE55DU8072UXXH, 55"", LED, 4K UHD, Smart, Tizen",Gjirafa50,549.5,Other
"Mbajtëse elektrike për TV Maclean MC-880, 32-70"", 35kg, e zezë",Gjirafa50,286.5,TV
Kompresor ajri për veturë Navitel AIR30 Multi,Gjirafa50,125.5,Other
Kamerë për veturë Navitel RC3 Pro,Gjirafa50,209.5,Other
Kamerë për veturë Navitel AR280 Dual,Gjirafa50,79.5,Other
Kamerë për veturë Navitel R99 4K GPS,Gjirafa50,191.5,Other
Canon EOS 2000D 18-55mm + Bag + 16GB,Gjirafa50,645,Other
"Radio portative Panasonic RF-2400DEG-K, AM / FM",Gjirafa50,51.5,Other
"Telekomandë TV Wiwa H.265 Pro DVB-T2. USB 2.0, 576p, 720p, 1080i, 1080p, DVB-T, DVB-T2",Gjirafa50,33.5,TV
"Televizor TCL 98C803, 98"", Mini LED, 4K UHD, i zi",Gjirafa50,3999.5,Other
NIKON Binocular Aculon A211 10X50,Gjirafa50,185,Other
"Projektor Samsung The Freestyle Gen.2 HDR, i bardhë",Gjirafa50,783.5,Other
"Televizor Philips 55PUS7609/12 4K Ultra HD, Titan OS",Gjirafa50,629.5,Other
"Kamerë Polaroid Now Gen 2, e zezë",Gjirafa50,143.5,Other
Sony FX30 Cinema Camera,Gjirafa50,2090,Camera
Sony HXR-NX800 Camcorder,Gjirafa50,3325,Other
"Fotoaparat Fujifilm Instax MINI 12, i gjelbër",Gjirafa50,135.5,Other
"Televizor Fuego 32EL720GTV, LED, 32"", HD Ready, i zi",Gjirafa50,149.5,TV
"Fotoaparat AGFA Compact DC 5200, argjendë",Gjirafa50,93.5,Other
Canon EOS R6 Mark II 24-105mm F/4-7.1 IS STM,Gjirafa50,2605,Other
"Televizor LG 86UR78006LB, 86"", LED UHD 4K AI, i zi",Gjirafa50,1299.5,Other
Black Golden Double Umbrella 84cm,Gjirafa50,8,Other
Leather Digital Camera Case Dark Brown,Gjirafa50,39,Camera
"Kamerë digjitale Kodak Daylight, ISO 800, 39 foto, e zezë",Gjirafa50,29.5,Other
"Set Fujifilm, fotoaparat Instax Mini 12 + 10 copë filma fotografik + çantë, i kaltër",Gjirafa50,149.5,Other
"Televizor Philips 75PUS7609, 75"", 4K UHD, i zi",Gjirafa50,1199.5,Other
"Marrës satelitor për TV TechniSat SatBox CE HD, Smart HD+ card",Gjirafa50,58.5,TV
"Mbajtëse muri për TV Esperanza ERW016, 26-70"", 45kg, e zezë",Gjirafa50,18.5,TV
"Kamerë sigurie Tapo C500, 1080p, Wi-Fi, 360°, IP65, e bardhë",Gjirafa50,59.5,Other
"Regjistrues video Vantrue N5 Nexus, 4 kamera, i zi",Gjirafa50,353.5,Other
"Televizor Grundig 55GIQ8950B, QLED, 55"", 4K Ultra HD, i zi",Gjirafa50,545.5,Other
"Fotoaparat AGFA Compact DC 5200, i zi",Gjirafa50,99.5,Other
GoPro Accessories Kit Bag Large,Gjirafa50,75,Other
WD BLACK SN850 NVMe SSD Game Drive+Heatsink 2TB,Gjirafa50,350,Storage
"Televizor Fuego 50ELU720GTV, LED, 50"", 4K Ultra HD, i zi",Gjirafa50,219.5,TV
"Orë digjitale me alarm Sencor SDC, 4400 W",Gjirafa50,33.5,Other
"Kamerë digjitale AgfaPhoto Photo Reusable, e zezë",Gjirafa50,53.5,Other
"Projektor Kruger & Matz V-LED20 LED FullHD, 1080p, i bardhë",Gjirafa50,131.5,Other
"Mbajtëse për TV Gembird WM-75ST-01, 32-75"", 45kg, VESA 600x400, e zezë",Gjirafa50,46.5,TV
"Televizor TCL 65P8K, 65"", 144Hz, 4K UHD, i zi",Gjirafa50,849.5,Other
Fotoaparat Canon EOS R100 + RF-S 18–45MM IS STM + RF-S 55-210MM F5-7.1 IS STM EU26,Gjirafa50,977.5,Other
"Kamerë për veturë Navitel MR255NV, pasqyrë me DVR",Gjirafa50,132.5,Other
"Televizor Fuego 55CH844GTV, QLED, 55"", 4K Ultra HD, i hirtë",Gjirafa50,599.5,TV
"Çantë për kamerë Cullmann Malaga Vario 200, e kuqe",Gjirafa50,38.5,Other
"Mbajtëse muri për TV AR-51, 23-60"", 50kg, e zezë",Gjirafa50,37.5,TV
"Televizor TCL 75C7K, 75"", 4K UHD, 144Hz, i zi",Gjirafa50,1499.5,Other
Instax Pal Camera,Gjirafa50,140,Camera
GoPro HERO13 Black,Gjirafa50,550,Other
Altoparlant për veturë Pioneer TS-A6880F,Gjirafa50,149.5,Other
"Kamerë digjitale Canon EOS R50 + RF-S 18-45 IS STM, e zezë",Gjirafa50,1067.5,Other
"Televizor Philips 55PUS7000/12, 55"" , LED 4K, i zi",Gjirafa50,349.5,Other
"Televizor LG QNED LG 65QNED85A3C, 65"", 4K UHD, i zi",Gjirafa50,825.5,Other
Qendër multimediale Google TV Streamer 4K,Gjirafa50,216.5,TV
"Kamerë digjitale Agfa DC 5200, e zezë",Gjirafa50,98.5,Other
Yolobox Mini,Gjirafa50,995,Other
"Teleprompter LensGo Tc7 S, për celular",Gjirafa50,79.5,Other
"Fotoaparat AgfaPhoto Analog, 35mm, i kaftë",Gjirafa50,52.5,Other
GoPro Hero13 Specialty Bundle,Gjirafa50,590,Other
Canon EOS R10 18-150mm f/3.5-6.3 IS STM,Gjirafa50,1420,Other
Sony A7 IV,Gjirafa50,2855,Other
Kamerë për veturë Navitel DVR MR155,Gjirafa50,98.5,Other
"Televizor Fuego 55ELU820GTV, QLED, 55"", 4K Ultra HD, i zi",Gjirafa50,479.5,TV
Canon EOS R7 18-150mm f/3.5-6.3 IS STM,Gjirafa50,1790,Other
Navigacion për motoçikletë Navitel G590,Gjirafa50,239.5,Other
Foto printer HP Sprocket Portable Instant,Gjirafa50,175.5,Other
"Kamera sigurie TP-Link Tapo C520WS, Wi-Fi, e bardhë",Gjirafa50,85.5,Other
Canon EOS R5 Mark II Pro Creator Pack,Gjirafa50,8225,Other
Kamerë për veturë Navitel R67 2K,Gjirafa50,104.5,Other
"Televizor Samsung UE75DU8072UXXH, 75"", LED, 4K UHD, Smart, Tizen",Gjirafa50,1599.5,Other
Radio me orë Sencor SRC 330 GN,Gjirafa50,41.5,Other
"Web kamerë Logitech Brio 105 2 MP, e zezë",Gjirafa50,44.5,Computer Accessories
"Mikser audio-je Blow, 4 kanale, i zi",Gjirafa50,115.5,Other
"Kartë e memories SanDisk Extreme, MicroSDXC, 256 GB, Class 10",Gjirafa50,51.5,Other
"Mbajtëse LogiLink, për TV 32''-55"", e zezë",Gjirafa50,9.5,TV
Quadralite Deep Space 130 White Umbrella,Gjirafa50,65,Other
"Çantë për kamerë Fancier King Kong 30, Xl, portokalli",Gjirafa50,108.5,Other
Lowepro ProTactic BP 350 AW II,Gjirafa50,265,Other
"Tavolinë elektrike SENSE7 NOJO LIGHT, 140 x 70 cm, kafe e errët",Gjirafa50,119.5,Other
"Tavolinë SENSE7 Nomad Basic, 140cm x 60cm, e zezë",Gjirafa50,89.5,Other
"Tavolinë elektrike SENSE7 Nojo, 120cm x 60cm, e zezë",Gjirafa50,109.5,Other
"Tavolinë SENSE7 Nomad Basic, 120cm x 60cm, e zezë",Gjirafa50,79.5,Other
"Karrige për zyrë SENSE7 NOBU, e zezë",Gjirafa50,159.5,Other
"Karrige SENSE7 Spellcaster, e zezë",Gjirafa50,129.5,Other
"Konzolë Sony PlayStation 5 Digital Slim Edition, 1TB SSD, e zezë/ bardhë",Gjirafa50,529,Gaming Console
"Tavolinë elektrike SENSE7 Nojo, 120cm x 60cm,e zezë/ druri",Gjirafa50,199.5,Other
"Karrige SENSE7 Knight, e zezë",Gjirafa50,99.5,Other
"Karrige SENSE7 Sentinel, me pëlhurë, e zezë",Gjirafa50,179.5,Other
"Tavolinë SENSE7 Classic Desk, 140cm x 60cm, e zezë",Gjirafa50,99.5,Other
"Tavolinë elektrike SENSE7 NOJO LIGHT, 120 cm x 60 cm, kafe e errët",Gjirafa50,109.5,Other
"Tavolinë SENSE7 Nomad Cybernetic, 100cm x 50cm, e zezë",Gjirafa50,79.5,Other
"Karrige SENSE7 Veno, e bardhë",Gjirafa50,99.5,Other
"Tavolinë elektrike SENSE7 NOJO LIGHT, 120 cm x 60 cm, kafe e hapur / zezë",Gjirafa50,109.5,Other
"Karrige SENSE7 Spellcaster FUKU XL, material, e hirtë/ zezë",Gjirafa50,139.5,Other
"LEGO Disney Stitch, 730 pjesë",Gjirafa50,85.5,Other
"Tavolinë lojërash Huzaro Hero 6.0, 147x112cm, e zezë",Gjirafa50,89.5,Other
"Tavolinë gaming Huzaro Hero 1.6, 120x60 cm, 15mm, e zezë",Gjirafa50,59.5,Other
Set timon dhe pedale Logitech Handlebar G29,Gjirafa50,289.5,Computer Accessories
"Karrige SENSE7 Spellcaster FUKU, material+lëkurë, rozë/ e bardhë",Gjirafa50,139.5,Other
"Tavolinë lojërash Huzaro Hero 6.3, 154x117 cm, e zezë",Gjirafa50,99.5,Other
"Syze virtuale Oculus Meta Quest 3S, 128GB",Gjirafa50,389.5,Other
"Karrige për zyrë SENSE7 JUNO, e zezë",Gjirafa50,59.5,Other
"Kufje HyperX Cloud Stinger 2 Core (683L9AA), të zeza",Gjirafa50,49.5,Other
"Karrige SENSE7 Spellcaster FUKU, material+lëkurë, e gjelbër/ bardhë",Gjirafa50,149.5,Other
"Set LEGO Creator Expert: Flower Bouquet (10280), 756 elemente",Gjirafa50,69.5,Other
"Karrige për zyrë SENSE7 Tone, e hirtë/ bardhë",Gjirafa50,129.5,Other
"Karrige SENSE7 Vanguard, me pëlhurë, e zezë",Gjirafa50,159.5,Other
Konzolë Valve Steam Deck OLED 512 GB,Gjirafa50,859.5,Other
"Tavolinë elektrike SENSE7 Nojo, 120cm x 60cm, e zezë/ druri e hapur",Gjirafa50,119.5,Other
Disk Sony për Play Station 5,Gjirafa50,94.5,Other
"Tavolinë elektrike SENSE7 NOJO LIGHT, 120 x 60 cm, e zezë",Gjirafa50,109.5,Other
"Tavolinë SENSE7 Nomad Cybernetic, 140cm x 60cm, e zezë",Gjirafa50,99.5,Other
"Tavolinë SENSE7 Nomad Classic, 120cm × 60cm, e zezë",Gjirafa50,89.5,Other
Kabinë e garave Next Level Racing F-GT,Gjirafa50,699.5,Other
"Tavolinë SENSE7 NOMO, 120 cm x 60 cm, e bardhë",Gjirafa50,419.5,Other
Set LEGO® 40647 Lotus Flowers,Gjirafa50,26.5,Other
"Kontroller Sony DualSense Edge, wireless, i bardhë",Gjirafa50,239.5,Other
"Set timon dhe pedale Logitech G G923 Racing për Xbox X|S, Xbox One & PC",Gjirafa50,309.5,Computer Accessories
Set timon për vozitje Volant Thrustmaster Ferrari        F458 Spider Xbox One (4460105),Gjirafa50,119.5,Gaming Console
"Karrige SENSE7 Spellcaster Senshi Edition, e hirtë",Gjirafa50,139.5,Other
"Tavolinë SENSE7 Nomad Cybernetic, 120cm x 60cm, e zezë",Gjirafa50,89.5,Other
"Konzolë Nintendo Switch OLED, e bardhë",Gjirafa50,439.5,Gaming Console
"Karrige SENSE7 Sentinel, me lëkurë artificiale, e zezë",Gjirafa50,209.5,Other
"Tastierë Razer Ornata V3 X, Hybrid Mechanical, US, e zezë",Gjirafa50,49.5,Other
"Tavolinë gaming Huzaro HZ-HERO 7.0, e zezë",Gjirafa50,119,Other
"Karrige SENSE7 Spellcaster Senshi Edition XL, e zezë",Gjirafa50,309.5,Other
"Karrige SENSE7 Knight, e zezë",Gjirafa50,109.5,Other
"Karrige SENSE7 Spellcaster Senshi Edition, XL, e bardhë",Gjirafa50,169.5,Other
"Karrige Huzaro Force 4.7 RGB, e zezë",Gjirafa50,149.5,Other
"Konzolë Microsoft Xbox Series X 16GB RAM, 1TB SSD, i zi",Gjirafa50,859.5,Gaming Console
Videolojë Sony PlayStation 4 Marvel's Spider-Man: Miles Morales,Gjirafa50,39.5,Gaming Console
"Kontroller wireless Sony PS5 DualSense, gri kamuflazh",Gjirafa50,112.5,Other
"Karrige SENSE7 Spellcaster Senshi Edition XL, e zezë",Gjirafa50,149.5,Other
"Konzolë Xbox Series S, 512GB, e bardhë",Gjirafa50,572.5,Gaming Console
"Karrigë Noblechairs Hero White Edition, e bardhë",Gjirafa50,694.5,Other
"Karrige për zyrë SENSE7 Noxo, e zezë",Gjirafa50,98.5,Other
"Karrige SENSE7 Spellcaster Senshi, me pëlhurë, e zezë",Gjirafa50,149.5,Other
"Konzolë Asus ROG Xbox Ally, 7"", e bardhë",Gjirafa50,709.5,Gaming Console
"Tavolinë SENSE7 Nojo, 140cm x 70cm, e zezë/ druri",Gjirafa50,211.5,Other
"Karrige për zyre Mark Adler Expert 4.9, e zezë",Gjirafa50,204.5,Other
Maus MONKA G995W,Gjirafa50,49.98,Other
"Tavolinë elektrike SENSE7 NOJO LIGHT, 140 x 70 cm, kafe e hapur",Gjirafa50,147.5,Other
"Timon dhe pedale për lojëra Logitech G G29, të zeza",Gjirafa50,309.5,Computer Accessories
"Konzolë Nintendo Switch OLED, e kuqe/e kaltër",Gjirafa50,499.5,Gaming Console
"Tavolinë gaming këndore Huzaro Hero 6.0, 147x112 cm, 15mm, e bardhë",Gjirafa50,89.5,Other
"Set lojërash LEGO Speed Champions McLaren F1 Team MCL38, 269 copë, 20cm, portokalli",Gjirafa50,37.5,Other
"Karrige lojërash Huzaro Force 4.7, 140kg, e bardhë",Gjirafa50,149.5,Other
"Karrige gaming Huzaro FORCE 4.7, 140kg, 43-53cm, i hirtë",Gjirafa50,129.5,Other
"Karrige për zyrë SENSE7 JUNO, e hirtë",Gjirafa50,69.5,Other
Set LEGO Disney Up House (43217),Gjirafa50,84.5,Other
"Set LEGO Creator Expert 10311 Orchid, 608 pjesë",Gjirafa50,69.5,Other
"Tavolinë gaming Huzaro Hero 1.6, 120x60 cm, e bardhë",Gjirafa50,59.5,Other
"Karrige SENSE7 Vanguard, e zezë",Gjirafa50,159.5,Other
"Kabinë e garave Next Level GT Lite (NLR-S021), e zezë",Gjirafa50,353.5,Other
Timon Thrustmaster Ferrari 488 GT3 Wheel Add-On (4060263),Gjirafa50,431.5,Other
"Tavolinë SENSE7 Mobile, e zezë",Gjirafa50,126.5,Other
"Tavolinë elektrike SENSE7 Nojo, 120cm x 60cm, e bardhë",Gjirafa50,199.5,Other
"Tavolinë Huzaro Hero 2.5 RGB, 120 cm x 60 cm, e zezë",Gjirafa50,99.5,Other
"Tastierë Logitech G213 Prodigy, RGB LED, US, e zezë",Gjirafa50,64.5,Computer Accessories
"Set timon, pedale dhe ndërrues i shpejtësive Esperanza Playstation, Playstation 3 Digital USB",Gjirafa50,84.5,Gaming Console
"Kufje Logitech G Pro X Wireless 2, të zeza",Gjirafa50,315.5,Computer Accessories
"Karrige SENSE7 DEVON, e zezë",Gjirafa50,129.5,Other
"Konzolë Nintendo Switch V2, e kuqe/ kaltër",Gjirafa50,439.5,Gaming Console
"Karrige SENSE7 Spellcaster Senshi Edition, XL, e hirtë",Gjirafa50,169.5,Other
"Kontroller Sony DualSense, wireless, i argjendtë",Gjirafa50,117.5,Other
Videolojë Sony PlayStation 4 Marvel's Spider-Man GOTY Edition,Gjirafa50,39.5,Gaming Console
Videolojë Outright Games My Friend Peppa Pig (SWITCH),Gjirafa50,49.5,Other
"Karrige SENSE7 Spellcaster, e hirtë/e zezë",Gjirafa50,129.5,Other
"Tavolinë kompjuteri Huzaro Hero 2.5, 120 x 60 cm, e bardhë",Gjirafa50,89.5,Other
"Timon dhe pedale për lojëra Logitech G G920 Driving Force Racing Wheel, i zi",Gjirafa50,309.5,Computer Accessories
"Karrige SENSE7 Prism, e zezë",Gjirafa50,89.5,Other
"Karrige për zyre SENSE7 Neyo, e zezë",Gjirafa50,134.5,Other
"Set LEGO Creator Expert 10298 Vespa 125, 1103 pjesë",Gjirafa50,131.5,Other
Videolojë Sony PlayStation 4 God of War: Ragnarok,Gjirafa50,69.5,Gaming Console
"Karrige gaming Huzaro Force 4.7, 140kg, e bardhë",Gjirafa50,119.5,Other
"Tavolinë lojërash Huzaro Hero 7.0, 15 mm, e bardhë",Gjirafa50,119.5,Other
"Karrige SENSE7 Spellcaster Senshi Edition, e bardhë",Gjirafa50,149.5,Other
"Tavolinë elektrike SENSE7 NOJO LIGHT, 140 x 70 cm, e bardhë",Gjirafa50,147.5,Other
"Karrige ASUS ROG Destrier, e zezë",Gjirafa50,1269.5,Other
Videolojë Sony PlayStation 4 Ghost of Tsushima: Directors Cut,Gjirafa50,69.5,Gaming Console
Set LEGO DUPLO® Town 10875 Freight Train,Gjirafa50,171.5,Other
"Tavolinë Biurko Ultradesk Highlander XXL, e zezë",Gjirafa50,256.5,Other
"Kontroller Sony PlayStation 5 DualSense, wireless, i kaltër",Gjirafa50,109.5,Gaming Console
"Kontroller Sony DualSense, wireless, i kaltër",Gjirafa50,119.5,Other
"Karrige për zyrë SENSE7 Noxo, e bardhë/hirtë",Gjirafa50,105.5,Other
"Kontroller Microsoft Xbox Series X/S, wireless / me kabllo, i zi",Gjirafa50,89.5,Gaming Console
"Kontroller Tracer Shogun Pro, me kabllo, i zi",Gjirafa50,37.5,Other
Videolojë Sony PlayStation 5 Ghost of Tsushima: Directors Cut,Gjirafa50,79.5,Gaming Console
Lojë LEGO Duplo Freight Train (10875),Gjirafa50,188.5,Other
"Karrige zyre SENSE7 Sopty, e zezë",Gjirafa50,79.5,Other
"Set timon dhe pedale Logitech G G923 për PS5, PS4 & PC",Gjirafa50,359.5,Computer Accessories
"Kontroller Nacon PS5 Revolution 5 Pro, wireless, i bardhë",Gjirafa50,256.5,Other
"Set LEGO® DUPLO® 10981 Growing Carrots, 11 pjesë",Gjirafa50,19.5,Other
"Karrige Razer Iskur V2, e zezë",Gjirafa50,925.5,Other
"Set LEGO® Technic 42130 BMW M 1000 RR, 1920 pjesë",Gjirafa50,287.5,Other
"Karrige SENSE7 Sentinel, e zezë",Gjirafa50,277.5,Other
"Timon Tracer Roadster 4 in 1 PC/PS3/PS4/Xone, i zi",Gjirafa50,102.5,Other
"Tavolinë SENSE7 Nomad Classic, 100cm x 50cm, e zezë",Gjirafa50,79.5,Other
"Tavolinë elektrike SENSE7 Nojo, 120cm x 60cm, e bardhë/ druri e hapur",Gjirafa50,119.5,Other
"Kontroller Microsoft Xbox Series X, i bardhë",Gjirafa50,69.5,Gaming Console
"Tavolinë SENSE7 Mobile, e bardhë",Gjirafa50,151.5,Other
Videolojë Sony PlayStation 5 Uncharted: Legacy of Thieves Collection,Gjirafa50,49.5,Gaming Console
"Karrige SENSE7 Spellcaster FUKU XL, material+lëkurë, e zezë",Gjirafa50,335.5,Other
Videolojë Sony PlayStation 4 Gran Turismo 7,Gjirafa50,69.5,Gaming Console
Ndërrues i shpejtësisë Logitech Jack(941-000130),Gjirafa50,69.5,Computer Accessories
"Timon Volant Thrustmaster T248 (PS5, PS4, PC)",Gjirafa50,412.5,Other
"Kontroller Microsoft Xbox Series X, i zi",Gjirafa50,104.5,Gaming Console
Kabina e garave Next Level Racing GTTrack (NLR-S009),Gjirafa50,1153.5,Other
Set lodër LEGO Technic McLaren Formula 1 Race Car (42141),Gjirafa50,226.5,Other
"Karrige lojërash Huzaro Force 4.7 Carbon Mesh, e zezë",Gjirafa50,159,Other
"Kufje Genius Gaming HS-GX580U, të zeza",Gjirafa50,19.5,Other
"Karrige për zyre SENSE7 Revo, e hirtë",Gjirafa50,93.5,Other
"Tavolinë elektrike Huzaro Hero 9.1, 145 x 60 cm, lartësi 72-120 cm, e zezë",Gjirafa50,229.5,Other
Figurë Funko Pop One Piece,Gjirafa50,33.5,Other
"Tavolinë Trust GXT 710, Luminus Pro RGB, e zezë",Gjirafa50,189.5,Other
Videolojë Sony PlayStation 5 God of War: Ragnarok,Gjirafa50,79.5,Gaming Console
"Stiluese për flokë Dyson Airwrap Multistyler, e kaltër/topaz",Gjirafa50,629.5,Other
"Robot pastrues Roborock Q8 Max+, i zi",Gjirafa50,643.5,Other
"Fshesë robotike me vakum Xiaomi Robot Vacuum X10+, e bardhë",Gjirafa50,559.5,Smartphone
Fshesë robotike Eufy RoboVac X10 Pro Omni,Gjirafa50,1137.5,Other
"Fshesë elektrike robotike iRobot Roomba Combo i5+, i zi",Gjirafa50,588.5,Other
"Thithëse elektrike Philips XB2125/09, 850 W, e kaltër",Gjirafa50,149.9,Other
Set furça elektrike për dhëmbë Oral-B iO5 Series Matt Black+Quite White DUO Pack,Gjirafa50,299.5,Other
"Apple Watch Series 11 GPS 46mm Jet Black Aluminium Case with Black Sport Band, M/L",Gjirafa50,529.5,Smartwatch
"Thithëse elektrike Ariete 2764 Evo, 2 në 1",Gjirafa50,92.5,Other
"Hekur me bazë Tefal SV6116E0, 2200W",Gjirafa50,89.99,Other
Fshesë robotike Xiaomi Robot Vacuum X10 EU,Gjirafa50,568.5,Smartphone
"Fshesë robotike Xiaomi E5, me shtupë, e bardhë",Gjirafa50,149.5,Smartphone
"Orë smart Xiaomi Redmi Watch 5 Active, e zezë",Gjirafa50,54.5,Smartphone
"Fritezë Xiaomi Smart Air Fryer 6.5l, e bardhë",Gjirafa50,123.5,Smartphone
"Shirit LED Activejet AJE-LED MUSIC, 7W, 3m",Gjirafa50,23.5,Other
Klimë montuese BOSCH 12000BTU 35WE 2000i,Gjirafa50,499,Other
"Orë Garmin Instinct 3 AMOLED, 45 mm, e zezë",Gjirafa50,506.5,Other
"Apple Watch Ultra 3 Cellular 49mm Black Titanium Case with Black Titanium Milanese Loop, Large",Gjirafa50,1129.5,Smartwatch
"Fshesë robotike me vakum Xiaomi Robot E10 EU, e bardhë",Gjirafa50,185.5,Smartphone
"Apple Watch Series 11 GPS 46mm Rose Gold Aluminium Case with Light Blush Sport Band, S/M",Gjirafa50,529.5,Smartwatch
Skuter elektrik Segway Max G2 D,Gjirafa50,957.5,Other
Tharëse për flokë Dyson Supersonic Nural,Gjirafa50,561.5,Other
DJI Neo Fly More Combo,Gjirafa50,355,Other
DJI Mini 4 Pro With (RC 2) (GL),Gjirafa50,1050,Other
"Orë CMF 3 Pro by Nothing, e hirtë e errët",Gjirafa50,99.5,Other
"Orë Samsung Galaxy Watch8 Classic, 46mm, e zezë",Gjirafa50,399.5,Smartphone
"Orë Samsung Galaxy Watch8, 44mm, grafit",Gjirafa50,329.5,Smartphone
DJI Mini 4K Fly More Combo,Gjirafa50,475,Other
"Apple Watch Series 10 GPS, 46mm, Jet Black Aluminum Case with Black Sport Band, M/L",Gjirafa50,529.5,Smartwatch
"Ngrohëse infrared Philips, PAR38, IR, 230V, 150W, E27, transparente",Gjirafa50,43.5,Other
"Apple Watch Ultra2 Cellular, 49mm, Natural Titanium Case with Natural Titanium Milanese Loop, L",Gjirafa50,1129.5,Smartwatch
Termostat për ngrohje elektrike në dysheme Euroster 2026,Gjirafa50,89.5,Other
"Fshesë robotike Xiaomi E5, me shtupë, e bardhë",Gjirafa50,129.5,Smartphone
"Apple Watch Series 11 GPS 42mm Space Grey Aluminium Case with Black Sport Band, S/M",Gjirafa50,499.5,Smartwatch
Monitorues për foshnje Esperanza Jacob,Gjirafa50,78.5,Monitor
Kondicioner Rossier Roax24Inva3-Ultra,Gjirafa50,1099,Other
"Apple Watch Ultra2 Cellular, 49mm, Black Titanium Case with Dark Green Alpine Loop, S",Gjirafa50,999.5,Smartwatch
"Orë Smart Garmin Enduro 2, e zezë",Gjirafa50,908.5,Other
Apple AirTag (4 Pack),Gjirafa50,129.5,Other
"Orë Samsung Galaxy Watch Ultra, 47mm, e argjendtë titanium",Gjirafa50,699.5,Smartphone
"Matësja e presionit OMRON EVOLV, në krah",Gjirafa50,241.5,Other
Apple Watch Ultra 3 Cellular 49mm Black Titanium Case with Black Ocean Band,Gjirafa50,999.5,Smartwatch
"Apple Watch SE 3 GPS 40mm Midnight Aluminium Case with Midnight Sport Band, S/M",Gjirafa50,299.5,Smartwatch
"Apple Watch Ultra2 Cellular, 49mm, Black Titanium Case with Black Trail Loop, S/M",Gjirafa50,999.5,Smartwatch
Orë smart Amazfit Huami T-Rex 3 W2322GL1N,Gjirafa50,379.5,Other
Peshore elektronike Mesko MS 8137,Gjirafa50,21.5,Other
"Apple Watch SE 3 GPS 44mm Starlight Aluminium Case with Starlight Sport Band, S/M",Gjirafa50,339.5,Smartwatch
"Freskuese Activejet MKR-550B, e bardhë",Gjirafa50,19.5,Other
DJI MINI 4K,Gjirafa50,330,Other
Apple Watch Ultra 3 Cellular 49mm Natural Titanium Case with Anchor Blue Ocean Band,Gjirafa50,999.5,Smartwatch
Ticwatch E3,Gjirafa50,200,Smartwatch
"Orë smart CMF by Nothing Pro 2, e kaltër",Gjirafa50,69.5,Other
"Termometër me orë Sencor SWS 1500 B, i zi",Gjirafa50,21.5,Other
Shirit drite për makinë Govee Smart LED RGBIC,Gjirafa50,34.5,Other
"Orë Samsung Galaxy Watch Ultra (2025), 47mm, e kaltër",Gjirafa50,499.5,Smartphone
"Orë smart Samsung Galaxy Watch4 Classic 46mm, e argjendtë",Gjirafa50,381.5,Smartphone
"Radiomarrëse Motorola TLKR T62, të kuqe, 2 copë",Gjirafa50,79.5,Other
"Koka zëvendësuese Oral-B iO Gentle Care Black, 4 copë",Gjirafa50,46.5,Other
"Orë sportive Garmin Fenix 8, 1.4"" AMOLED, 47mm, e hirtë",Gjirafa50,1167.5,Other
"Apple Watch Ultra 3 Cellular 49mm Natural Titanium Case with Light Blue Alpine Loop, Medium",Gjirafa50,999.5,Smartwatch
Kontroller Sonoff Dual R3 Smart WiFi,Gjirafa50,29.5,Networking
"Aparat për sapun të lëngshëm ProMedix PR-530, 480ml, i bardhë / i tejdukshëm",Gjirafa50,21.5,Other
"Radiomarrëse Motorola Talkabout T82 Extreme Quad, 4 pjesë",Gjirafa50,233.5,Other
"Apple Watch Ultra 3 Cellular 49mm Black Titanium Case with Black Alpine Loop, Small",Gjirafa50,999.5,Smartwatch
"Apple Watch Series 11 GPS 46mm Rose Gold Aluminium Case with Light Blush Sport Band, M/L",Gjirafa50,529.5,Smartwatch
"Orë smart Havit M9034, rozë",Gjirafa50,29.5,Other
"Apple Watch Ultra2 Cellular, 49mm, Natural Titanium Case with Blue Trail Loop, M/L",Gjirafa50,999.5,Smartwatch
"Orë Garmin Fenix ​​8, 47mm, e hirtë/ zezë",Gjirafa50,1148.5,Other
DJI Neo,Gjirafa50,250,Other
"Orë CMF 3 Pro by Nothing, e hirtë",Gjirafa50,99.5,Other
"Orë Samsung Galaxy Watch 7, 44mm, e gjelbër",Gjirafa50,349.5,Smartphone
"Apple Watch Series 10 GPS, 46mm, Rose Gold Aluminum Case with Light Blush Sport Band, S/M",Gjirafa50,529.5,Smartwatch
"Orë Samsung Galaxy Watch Ultra (2025), 47mm, e argjendtë",Gjirafa50,499.5,Smartphone
"Orë Samsung Galaxy Fit 3, e zezë",Gjirafa50,42.5,Smartphone
"Ndriçim LED për komodinë REJA 2D, 200x110mm, i kaltër",Gjirafa50,37.5,Other
DJI Mavic 3 Classic (DJI RC),Gjirafa50,1699,Other
"Apple Watch Ultra2 Cellular, 49mm, Natural Titanium Case with Navy Ocean Band",Gjirafa50,999.5,Smartwatch
"Apple Watch Series 10 GPS, 46mm, Rose Gold Aluminum Case with Plum Sport Loop",Gjirafa50,529.5,Smartwatch
DJI Mini 3 Pro (DJI RC-GL),Gjirafa50,999,Other
"Zile me kamerë Xiaomi Smart Doorbell 3S, e zezë",Gjirafa50,135.5,Smartphone
"Apple Watch Ultra2 Cellular, 49mm, Black Titanium Case with Black Titanium Milanese Loop, M",Gjirafa50,1129.5,Smartwatch
"Orë Samsung Galaxy Watch8, 40mm, grafit",Gjirafa50,299.5,Smartphone
Denver Kids Smart Watch,Gjirafa50,45,Smartwatch
Denver Battle Drones,Gjirafa50,80,Other
Denver Wrist-Controlled Drone,Gjirafa50,45,Other
"Orë Samsung Galaxy Watch FE, 40mm, rozë",Gjirafa50,239.5,Smartphone
"Orë smart CMF by Nothing Pro 2, e portokalltë",Gjirafa50,69.5,Other
DJI Mavic 3 Cine Premium Combo,Gjirafa50,4560,Other
"Frigorifer Samsung RB34C7B5E22/EF BESPOKE, 344 L, i zi",Gjirafa50,649,Other
Stacion moti GoGEN ME 3257,Gjirafa50,63.5,Other
Elektrik dore VARTA Outdoor Sports F30,Gjirafa50,45.5,Other
"Apple Watch Ultra 3 Cellular 49mm Natural Titanium Case with Natural Titanium Milanese Loop, Small",Gjirafa50,1129.5,Smartwatch
"Matës aktiviteti Xiaomi Smart Band 10, i zi",Gjirafa50,79.5,Smartphone
Pastrues ajri Xiaomi AC-M2-AA 2,Gjirafa50,249,Smartphone
"Apple Watch SE 3 GPS 40mm Starlight Aluminium Case with Starlight Sport Band, S/M",Gjirafa50,299.5,Smartwatch
"Apple Watch SE 3 GPS 44mm Midnight Aluminium Case with Midnight Sport Band, S/M",Gjirafa50,339.5,Smartwatch
"Radiomarrëse Motorola TLKR T82, 4 pjesë",Gjirafa50,197.5,Other
Termostat për ngrohje elektrike në dysheme Meross Smart Wi-FI,Gjirafa50,79.5,Other
"Dritë neoni LED Preyon LED WASD, vjollcë",Gjirafa50,19.5,Other
"Orë smart Garmin Fenix 8 AMOLED Sapphire, 51mm, Carbon Gray",Gjirafa50,1304.5,Other
"Apple Watch Series 10 GPS, 42mm, Rose Gold Aluminum Case with Light Blush Sport Band, M/L",Gjirafa50,499.5,Smartwatch
"Apple Watch SE 3 GPS 40mm Starlight Aluminium Case with Starlight Sport Band, M/L",Gjirafa50,299.5,Smartwatch
"Orë Samsung Galaxy Watch 7, 44mm, e argjendtë",Gjirafa50,349.5,Smartphone
"Shirit LED Twinkly DOTS, 60LED, RGB, 3m, BT+WiFi, Gen II, IP20, i zi",Gjirafa50,69.5,Networking
"Zile smart Ezviz DP2C, 4.3"", 1080p, 4600mAh, e argjendtë",Gjirafa50,181.5,Other
"Apple Watch Ultra2 Cellular, 49mm, Natural Titanium Case with Tan Alpine Loop, S",Gjirafa50,999.5,Smartwatch
"Apple Watch Magnetic Fast Charger to USB-C Cable, 1m",Gjirafa50,34.5,Smartwatch
DJI FLIP Fly More Combo (RC2)(GL),Gjirafa50,790,Other
"Apple Watch Series 10 GPS, 46mm, Silver Aluminum Case with Denim Sport Band, M/L",Gjirafa50,529.5,Smartwatch
"Mbështjellëse për Samsung Galaxy Watch Active2 40mm Spigen Liquid Air, e zezë",Gjirafa50,9.5,Smartphone
"Dritë neoni LED Preyon LED Game On, e kaltër",Gjirafa50,19.5,Other
"Orë Samsung Galaxy Fit 3, rozë e artë",Gjirafa50,42.5,Smartphone
Denver Bluetooth Smart Watch 342,Gjirafa50,59,Smartwatch
Prizë Meross Smart Wi-Fi In-Wall,Gjirafa50,24.5,Other
"Rrip çeliku Crong Milano për Apple Watch Series 1/5, 38/40mm, i zi",Gjirafa50,43.5,Smartwatch
"Termostat për radiator AQARA Radiator Thermostat E1, i bardhë",Gjirafa50,52.5,Other
"Apple Watch SE 3 GPS 44mm Midnight Aluminium Case with Midnight Sport Band, M/L",Gjirafa50,339.5,Smartwatch
Denver Digital Kids Camera,Gjirafa50,25,Camera
Stacion moti Technoline WS 6442,Gjirafa50,79.5,Other
Llambë Yeelight CUBE Smart Lamp - Light Gaming Cube Panel (zgjeruese),Gjirafa50,38.5,Other
DJI Air 3S Fly More Combo (RC2),Gjirafa50,1690,Other
"Apple Watch Ultra 3 Cellular 49mm Black Titanium Case with Black/Charcoal Trail Loop, M/L",Gjirafa50,999.5,Smartwatch
"Çantë mbrojtëse Sunnylife për DJI FPV Goggles V2, e hirtë",Gjirafa50,64.5,Other
"Orë Samsung Galaxy Watch8, 44mm, e argjendtë",Gjirafa50,329.5,Smartphone
"Detektor i rrjedhjeve të ujit Eve Water Guard Connected, i pajtueshëm me fije",Gjirafa50,155.5,Other
Denver Bluetooth Fitness Band BFH-242,Gjirafa50,29,Other
"Apple Watch Ultra2 Cellular, 49mm, Natural Titanium Case with Blue Trail Loop, S/M",Gjirafa50,999.5,Smartwatch
"Rrip për orë Samsung Marine Band, 47mm, e hirtë",Gjirafa50,99.5,Other
Prizë Smart Gosund SP111 Wi-Fi Tuya,Gjirafa50,14.5,Other
"Apple Watch 49mm Loop, Black/Charcoal Trail Loop, S/M, Black Titanium Finish",Gjirafa50,109.5,Smartwatch
"Rrip për matës aktiviteti Xiaomi Smart Band 8 / 9, i zi",Gjirafa50,9.5,Smartphone
Termostat për ngrohje elektrike në dysheme Meross Smart Wi-FI,Gjirafa50,89.5,Other
"Shirit drite universal Activejet AJE-COB, 3m, IP20, i bardhë i ftohtë",Gjirafa50,23.5,Other
"Apple Watch Series 11 GPS 42mm Jet Black Aluminium Case with Black Sport Band, S/M",Gjirafa50,499.5,Smartwatch
"Filter për pastruesin e ajrit LEVOIT Core 400S, H13 True HEPA",Gjirafa50,86.5,Other
"Orë Xiaomi Watch 2 Pro, e kaftë",Gjirafa50,265.5,Smartphone
"Mbështjellëse për Samsung Galaxy Watch5 Pro 45mm Spigen Liquid Air, e zezë",Gjirafa50,19.5,Smartphone
"Rele inteligjente Shelly 2PM Gen4, WiFi, e zezë",Gjirafa50,54.5,Networking
"Drita Twinkly Twinkly Dots, 60 LED RGB",Gjirafa50,79.5,Other
"Helmetë Vivax MS Energy MSH-20S, L, e zezë",Gjirafa50,84.5,Other
"Orë Samsung Galaxy Fit 3, e argjendtë",Gjirafa50,42.5,Smartphone
Denver Bluetooth Smart Watch 372 Rose,Gjirafa50,45,Smartwatch
"Apple Watch 49mm Milanese Loop, Natural Titanium Milanese Loop, L",Gjirafa50,229.5,Smartwatch
"Apple Watch SE 3 GPS 40mm Midnight Aluminium Case with Midnight Sport Band, M/L",Gjirafa50,299.5,Smartwatch
"Set satelitor Starlink Standard V4, i bardhë/ hirtë",Gjirafa50,349.5,Networking
"Monitor AOC 25G3ZM/BK, 24.5"", 1920 x 1080 (FullHD), 240Hz, i zi/ kuq",Gjirafa50,149.5,Monitor
Karikues për bateri Dunlop 6/12 V 1A Lead & Gel,Gjirafa50,53.5,Other
"Monitor Dell Alienware AW2525HM, 25"", Full HD, 320Hz, i zi",Gjirafa50,199.5,Monitor
Tastierë Redragon K606 Lakshmi Red,Gjirafa50,39.5,Other
"Mauspad Iso Trade Trade, XXL, i zi",Gjirafa50,9.5,Other
"Monitor Dell Alienware AW2723DF, 27"", WQHD, i zi/ bardhë",Gjirafa50,349.5,Monitor
"Maus Logitech G Pro X Superlight 2 Wireless, i bardhë",Gjirafa50,139.5,Computer Accessories
Apple AirPods Pro3 with MagSafe Case (USB-C),Gjirafa50,299.5,Audio
"Maus Logitech MX Master 4, grafit",Gjirafa50,203.5,Computer Accessories
"Kufje HyperX Cloud III (727A9AA), të zeza/ kuqe",Gjirafa50,89.5,Other
"Soundbar Mozos THEATER, i zi",Gjirafa50,109.5,Other
"Bateri zëvendësuese Armac, 12V/120Ah",Gjirafa50,276.5,Other
"Tastierë Trust GXT834 TKL, Mechanical Callaz, e zezë",Gjirafa50,39.5,Other
"Maus Logitech MX Master 3S, grafit",Gjirafa50,99.5,Computer Accessories
"Inverter Power Tree 1000W, 12V",Gjirafa50,219.5,Other
"Monitor Dell Alienware AW2524HF, 24.5"", Full HD, 500Hz, i zi",Gjirafa50,399.5,Monitor
"Kabllo vazhduese Philips SPN7060WA/58, surge protection, 6 dalje, 4 usb 1 type-C, 2m, e bardhë",Gjirafa50,49.9,Storage
"Monitor BenQ ZOWIE XL2566X+, 24.1"", 400Hz, Full HD, TN, 0.5ms, i zi",Gjirafa50,739.5,Monitor
Disk SSD MSI Spatium M470 Pro 1TB M.2 2280 PCI-E x4 Gen4 NVMe,Gjirafa50,139.5,Storage
"Monitor AOC 24G4XE, 23.8"", Full HD, i zi",Gjirafa50,109.5,Monitor
"Dëgjuese Xiaomi Redmi Buds 6 Play, të zeza",Gjirafa50,17.5,Smartphone
"Printer multifunksional HP DeskJet 2820e, Inkjet termal, i hirtë",Gjirafa50,49.5,Other
"Rrotull me kabllo zgjatëse RR PS-BT G, IP44, 4x priza, 50m, e zezë",Gjirafa50,249.5,Other
"Monitor LG UltraWide, 34"", 3440x1440 WQHD, i lakuar, i zi",Gjirafa50,279.5,Monitor
"Mauspad SteelSeries QcK + (63003), L, i zi",Gjirafa50,29.5,Other
"Monitor BenQ Mobiuz EX240N - LED, 24"", FullHD, i zi",Gjirafa50,119.5,Monitor
"Dëgjuese Xiaomi Redmi Buds 6 Active, të zeza",Gjirafa50,26.5,Smartphone
"Tastierë Logitech G PRO (920-009392), US, e zezë",Gjirafa50,109.5,Computer Accessories
Apple AirPods Pro 2 me MagSafe Case (USB-C),Gjirafa50,299.5,Audio
"Kufje PREYON Tornado Fly PTF40B, të zeza",Gjirafa50,49.5,Other
"Monitor Asus ROG Strix OLED XG27ACDNG, 26.5"", WQHD, i zi",Gjirafa50,739.5,Monitor
"Monitor MSI MAG 271QPX QD-OLED E2, 26.5"", WQHD, 240Hz, i zi",Gjirafa50,639.5,Monitor
"Maus Logitech G Pro X Superlight 2, rozë",Gjirafa50,139.5,Computer Accessories
"Bateri Fuli, 12V / 200AH",Gjirafa50,289.5,Other
"Bateri zëvendësuese Armac, 12V/80Ah",Gjirafa50,157.5,Other
"Kufje JBL Tune 670 NC, të zeza",Gjirafa50,79.5,Other
"Monitor GIGABYTE GS27QCA LCD, 27"", QHD (2560x1440), 180Hz, i zi",Gjirafa50,179.5,Monitor
"Monitor BenQ ZOWIE XL2540K, 24.5"", Full HD, i zi",Gjirafa50,417.5,Monitor
"Maus Logitech G305 LIGHTSPEED, Gaming, RF Wireless, i zi",Gjirafa50,49.5,Computer Accessories
"Tastierë Logitech PRO X TKL Lightspeed GX Brown (920-012148), e bardhë",Gjirafa50,179.5,Computer Accessories
"Tastierë mekanike Gaming Tracer GAMEZONE EVO1, USB, RGB, e hirtë e errët",Gjirafa50,39.5,Storage
"Monitor Dell Alienware AW3225QF OLED 210-BLLV, 3840 x 2160 (UHD 4K), DisplayPort x1, HDMI x2, USB-C x1, USB Type-B x1, i bardhë/zi",Gjirafa50,879.5,Monitor
"Mauspad Gembird Gembird, XL, i zi",Gjirafa50,9.5,Other
"Monitor AOC 27G4XE, 27"", Full HD, i zi",Gjirafa50,139.5,Monitor
"Altoparlant JBL Partybox Club 120, i zi",Gjirafa50,459.5,Other
Apple AirPods 4 (USB-C),Gjirafa50,179.5,Audio
"Dëgjuese JBL TUNE BEAM 2, të zeza",Gjirafa50,99.5,Other
"Kabllo elektrike vazhduese Acar XP Standard, 5 priza, 3 m, gri",Gjirafa50,32.5,Other
Mauspad SteelSeries QcK Heavy (63008),Gjirafa50,64.5,Other
Mauspad Gjirafa50 Fiftypad - L,Gjirafa50,19.5,Other
"Bateri Segway Cube 1000, 1024 Wh",Gjirafa50,1082.5,Other
"Kufje Skullcandy Crusher Evo, Wireless, vjollcë",Gjirafa50,233.5,Other
Set Bateri Bosch 18V 3x4.0Ah GBA ProCore + Karikues GAL 1880CV + Kutia L-BOXX 102,Gjirafa50,391.5,Other
"Kufje Sony WH-1000XM6, USB-C, të kaltërta",Gjirafa50,509.5,Audio
"Bateri Fuli, 12V / 100AH",Gjirafa50,149.5,Other
"Tastierë mekanike Keychron V1 MAX, 75, Brown Switch, e zezë",Gjirafa50,134.5,Other
"Tastierë Trust GXT 835 Azor Il, i zi",Gjirafa50,19.5,Other
"Dëgjuese Dudao U15H, të zeza, pa kabllo",Gjirafa50,14.5,Other
"Kufje me mikrofon Razer Blackshark, V2 X",Gjirafa50,59.5,Other
"Kamerë TP-Link Tapo C410 KIT, me energji solare, 2K 3MP",Gjirafa50,79.5,Other
"Monitor MSI PRO MP251L E2, 24.5"", Full HD, 100Hz, i zi",Gjirafa50,83.5,Monitor
"Mbështetëse për këmbë Mozos Office FS6, e zezë",Gjirafa50,34.5,Other
"Kufje HyperX Cloud II Wireless (HHSC2X-BA-RD/G), 20000 Hz, të zeza/ kuqe",Gjirafa50,274.5,Other
"Monitor Lenovo Gaming G24-20, 23.8”, FHD AG (1920x1080), 144Hz, i zi",Gjirafa50,109.5,Monitor
"Monitor LG 34WR50QK-B, 34"", Wide Quad HD, i zi",Gjirafa50,299.5,Monitor
"Monitor ZOWIE by BenQ, 25"", FHD, LED XL2546X+, 240Hz, i zi",Gjirafa50,609.5,Monitor
"Monitor Dell Alienware AW2724HF, 27"", IPS, FHD, 360Hz, i zi",Gjirafa50,349.5,Monitor
"Dëgjuese JBL Vibe Beam TWS, të bardha",Gjirafa50,79.5,Other
"Powerbank Baseus Magnetic Mini MagSafe, 6000mAh, i bardhë",Gjirafa50,31.5,Other
"Mauspad Logitech Gaming G240, i zi",Gjirafa50,19.5,Computer Accessories
"Tastierë mekanike MediaTech ZONE MT1258, Cherry MX Red, e zezë",Gjirafa50,31.5,Other
"Altoparlant Blow BT460, hirtë",Gjirafa50,29.5,Other
"Printer HP 2320 AIO Deskjet, i bardhë",Gjirafa50,79.5,Other
"Maus Razer DeathAdder V3 HyperSpeed, i zi",Gjirafa50,109.5,Other
"Karikues për bateri Makita DC10SB, Li-ion, 12V, 5Ah",Gjirafa50,63.5,Other
"Maus Logitech G Pro X Superlight (910-005942), i bardhë",Gjirafa50,149.5,Computer Accessories
"Tastierë Logitech MX Keys Mini, US / INT, e hirtë e errët",Gjirafa50,109.5,Computer Accessories
"Tastierë Preyon Brown Blitz Claw Gateron Brown {PBRBC87B), e zezë",Gjirafa50,49.5,Other
"Kabllo zgjatëse Volteo H05VV-F, 2x1mm, 10m",Gjirafa50,19.5,Other
Përshtatës bluetooth Esperanza EA160 Adapter Esperanza bt v.5.0,Gjirafa50,4.5,Other
"Tastierë Art AK-49, me kabllo, US, e zezë",Gjirafa50,9.5,Other
"Ngrohës konvektor Noveen CH8000 LCD Smart, i bardhë",Gjirafa50,72.5,Other
"Kufje HyperX Cloud II Core, të zeza",Gjirafa50,178.5,Other
"Mauspad Preyon Falcon Speed XXL, i zi",Gjirafa50,19.5,Other
"Monitor MSI PRO MP273A, 27"", Full HD, 100Hz, i zi",Gjirafa50,109.5,Monitor
"Altoparlant GoGEN Baby, i kuq",Gjirafa50,33.5,Other
"Monitor MSI G244F E2, 23.8"", 1920 x 1080, Full HD, 180 Hz, i zi",Gjirafa50,109.5,Monitor
"Kufje Razer BlackShark V2 X, të zeza",Gjirafa50,75.5,Other
"Mauspad Logitech Studio Series, i hirtë",Gjirafa50,19.5,Computer Accessories
"Maus Razer Viper V3 Pro, i zi",Gjirafa50,149.5,Other
"Dëgjuese JBL Wave Flex 2, të zeza",Gjirafa50,69.5,Other
Maus Razer Viper V3 Pro Faker Edition,Gjirafa50,215.5,Other
"Dëgjuese wireless Genius HS-M905BT, të zeza",Gjirafa50,18.5,Other
"Apple AirPods Max, Purple",Gjirafa50,669.5,Audio
Apple AirPods 4 (USB-C) with Active Noise Cancellation,Gjirafa50,239.5,Audio
"Tastierë Logitech G413 TKL SE GX, EN, e zezë",Gjirafa50,75.5,Computer Accessories
"Monitor MSI Modern MD272UPHW, 27"", 4K UHD, i bardhë",Gjirafa50,349.5,Monitor
"Monitor Philips Evnia 34M2C3500L/00, 34"", UWQHD, i zi",Gjirafa50,249.5,Monitor
Zgjerues rrjeti TP-Link TL-WA850RE,Gjirafa50,19.5,Other
"Kufje Marshall Major IV, të zeza",Gjirafa50,79.5,Other
Altoparlant Bluetooth SQUEAK KARAOKE HARMONY BT 5.0 SQ1004,Gjirafa50,29.5,Other
"Tastierë Logitech G413 TKL SE GX, EN, e zezë",Gjirafa50,69.5,Computer Accessories
"Kufje Razer BlackShark V2 X USB, të zeza",Gjirafa50,59.5,Storage
"Bateri FULI        12V / 100AH, GEL Hybrid",Gjirafa50,189.5,Other
"Kamerë sigurie Hikvision DS-2CD1143G2-LIU, 4 MP, 2560 x 1440, me mikrofon të integruar, me detektim të lëvizjes, e bardhë",Gjirafa50,126.5,Other
"Mbajtëse muri për monitor SENSE7 HANG, 17""-32"", e zezë",Gjirafa50,19.5,Monitor
"Powerbank SHARGE Grip, 5000mAh",Gjirafa50,39.5,Other
"Maus Logitech MX Master 4, i hirtë i hapur",Gjirafa50,149.5,Computer Accessories
"Tastierë Lenovo Gaming Legion K510 Mini Pro, e zezë",Gjirafa50,54.5,Other
"Altoparlant Blaupunkt PS11DB, 1200W, i zi",Gjirafa50,386.5,Other
"Mauspad Genesis Carbon 500 Ultra Wave, XXXL, i zi",Gjirafa50,29.5,Other
"USB Hub IBOX IUH3SL4K, HDMI, USB-C, i hirtë",Gjirafa50,21.5,Storage
"Set i baterive Energizer AAA / R03, 24 copë",Gjirafa50,23.5,Other
"Maus Logitech G PRO X SuperLight 2, i zi",Gjirafa50,139.5,Computer Accessories
"Maus Razer Viper V3 Pro, i bardhë",Gjirafa50,149.5,Other
"Printer Canon PIXMA G3410, i zi",Gjirafa50,164.5,Other
"Tastierë Logitech PRO X TKL Lightspeed GX Brown (920-012136), e zezë",Gjirafa50,211.5,Computer Accessories
"Monitor ZOWIE by BenQ XL2411K, 24"" LED, Full HD, i zi",Gjirafa50,269.5,Monitor
"Dëgjuese wireless Genius HS-M905BT, të bardha",Gjirafa50,18.5,Other
"Kamerë e jashtme TP-LINK Tapo C500, e bardhë",Gjirafa50,49.5,Other
"Monitor MSI MAG 273QP QD-OLED X24, 26.5"", WQHD, 240Hz, i zi",Gjirafa50,599.5,Monitor
"Altoparlant JBL GO 4, i zi",Gjirafa50,49.5,Other
"Bateri Fuli, 12V / 18AH",Gjirafa50,39.5,Other
"Kufje Sony WH-CH720N, të zeza",Gjirafa50,141.5,Other
"Tastierë SteelSeries Apex 3 TKL, US, e zezë",Gjirafa50,59.5,Other
"Mauspad Daytona AK135D, XL, i kaltër",Gjirafa50,8.5,Other
"Monitor AOC C32G2ZE/BK, LED, 31.5"", kuq/zi",Gjirafa50,229.5,Monitor
Set kamerash AMIKO WIFI KIT-6900,Gjirafa50,486.5,Networking
"Rrotull me kabllo zgjatëse Volteo Heavy Duty, 20 m, 3x2.5mm²",Gjirafa50,149.5,Other
"Tastierë mekanike Savio Whiteout X2 OUTEMU Blue, 60%, e bardhë",Gjirafa50,38.5,Other
"Tastierë Trust        Gaming GXT 867 Acira, e zezë",Gjirafa50,39.5,Other
"Altoparlant Bluetooth BeatBoxer 5.1, me karaoke",Gjirafa50,58.5,Other
"Dëgjuese JBL True Wireless Tune, vjollcë",Gjirafa50,117.5,Other
"Mbajtëse për monitor SENSE7 FLOAT, zgjatëse, 17""-32"", e zezë",Gjirafa50,19.5,Monitor
"Procesor AMD Ryzen 7 7800X3D, 4.2 GHz, Bulk",Gjirafa50,349.5,Other
"Kartelë grafike ASUS PRIME RTX 5070 TI OC Edition, 16GB GDDR7",Gjirafa50,799.5,Other
"Kasë Phanteks XT View D-RGB, e zezë, Midi Tower",Gjirafa50,89.5,Other
"Memorie G.Skill Trident Z5 Neo RGB, DDR5, 64 GB, 6000 MHz, CL30, F5-6000J3040G32GX2-TZ5NR",Gjirafa50,966.5,Other
"Inverter/ karikues TrippLite, 1250W",Gjirafa50,389.5,Other
Kartelë grafike MSI GeForce RTX 5060 8G SHADOW 2X OC NVIDIA 8 GB GDDR7,Gjirafa50,299.5,Other
"Module të memories G.Skill Trident Z5 32GB (2x16GB) DDR5 6000 CL30, të zeza",Gjirafa50,726.5,Other
Ftohës me ujë Thermalright Aqua Elite 360 ARGBV6,Gjirafa50,69.5,Other
Kartelë grafike MSI RTX 5070 12G SHADOW 2X OC,Gjirafa50,549.5,Other
"Memorie G.Skill Trident Z5 Neo RGB, DDR5, 32 GB, 6400 MHz, CL32, F5-6400J3239G16GX2-TZ5NR",Gjirafa50,597.5,Other
"Memorie GoodRam IRDM PRO Deep Black, DDR4, 32 GB, 3600 MHz, CL18, IRP-K3600D4V64L18/32GDC",Gjirafa50,286.5,Other
Kartelë grafike Asus GeForce RTX 5080 Prime OC 16GB GDDR7 PCI-Express,Gjirafa50,1199.5,Other
Kartelë grafike Asus ROG Strix GeForce RTX 4090 BTF OC 24GB GDDR6X,Gjirafa50,2796.5,Other
Burim energjie Thermalright KG-850. 850W,Gjirafa50,89.5,Other
Kartelë grafike ASUS Dual NVIDIA GeForce RTX 5060 Ti 16GB GDDR7,Gjirafa50,419.5,Other
"Ftohës Thermalright Wonder Vision 360 Turbo ARBG, i zi",Gjirafa50,219.5,Other
"Memorie Kingston Fury Renegade RGB, DDR4, 16 GB, 3200 MHz, CL16, KF432C16RB2AK2/16",Gjirafa50,271.5,Other
"Kartelë grafike MSI Graphic Card, GeForce RTX 5060 Ti 16Gb SHADOW",Gjirafa50,549.5,Other
"Kasë DeepCool CG530 4F Midi Tower, e zezë",Gjirafa50,69.5,Other
"Memorie Kingston Fury Beast, DDR5, 8 GB, 5600 MHz, CL40, KF556C40BB-8",Gjirafa50,276.5,Other
"Memorie G.Skill Trident Z RGB, DDR4, 16 GB, 3600 MHz, CL16, F4-3600C16D-16GTZRC",Gjirafa50,229.5,Other
"Kasë Tacens Mars Gaming MCV-ONE Midi Tower, e zezë",Gjirafa50,64.5,Other
"Memorie ADATA XPG Lancer Blade, DDR5, 32 GB, 6000 MHz, CL30, AX5U6000C3016G-DTLABBK",Gjirafa50,544.5,Other
Procesor AMD Ryzen 5 7500X3D Tray,Gjirafa50,255.5,Other
Kartelë grafike XFX Swift AMD Radeon RX 9070 XT,Gjirafa50,699.5,Other
"Procesor AMD Ryzen 9 9950X3D, BOX",Gjirafa50,729.5,Other
"Kasë MSI MAG Forge M100A RGB, e zezë",Gjirafa50,52.5,Other
Pllakë amë MSI A520M-A PRO Socket AM4,Gjirafa50,49.5,Other
UPS Armac Office 650E,Gjirafa50,69.5,Other
"Procesor AMD Ryzen 5 5600X, Tray",Gjirafa50,109.5,Other
"Ftohës Thermalright Frozen Infinity 240, i zi(Bulk)",Gjirafa50,58.5,Other
"Kasë Darkflash DK351, e zezë, Midi Tower",Gjirafa50,39.5,Other
"Burim energjie MSI MAG A650BN 80PLUS, 650W",Gjirafa50,49.5,Other
"Pllakë amë GIGABYTE B650 EAGLE        AMD Ryzen 9000 CPUs, 7600MHz",Gjirafa50,161.5,Other
"Kartelë grafike MSI VENTUS GeForce RTX 5060 Ti 16G 2X OC PLUS, NVIDIA, 16GB GDDR7",Gjirafa50,549.5,Other
Disk SSD Kingston SNV3S 1TB M.2 2280 PCI-E x4 Gen4 NVMe,Gjirafa50,169.5,Storage
"Ftohës me ujë Cooler Master MasterLiquid 360L Core ARGB, 12 cm, i zi",Gjirafa50,79.5,Other
"Memorie operative TeamGroup Delta RGB UD-D4, 8GB, 2666 - e bardhë",Gjirafa50,54.5,Other
Pastë termale Arctic MX-4 (4g),Gjirafa50,9.5,Other
Pllakë amë ASRock B650 PRO RS,Gjirafa50,169.5,Other
"Ftohës Arctic Liquid Freezer III Pro 360 A-RGB, i zi",Gjirafa50,129.5,Other
"Memorie G.Skill Ripjaws S5, DDR5, 32 GB, 6000 MHz, CL30, F5-6000J3040F16GX2-RS5K",Gjirafa50,503.5,Other
Memorie RAM Patriot Viper Steel PVS416G320C6K 16 GB DDR4 3200 MHz,Gjirafa50,146.5,Other
"Ftohës me ujë Thermalright Aqua Elite 240, ARGB V6",Gjirafa50,59.5,Other
"Burim energjie Deepcool Bronze PK750D, 750W",Gjirafa50,69.5,Other
Pastë termike Arctic MX-6 (4g),Gjirafa50,7.5,Other
"Memorie RAM Hiksemi Armor DDR4 32 GB (16 GB × 2) – 3200 MHz, Heatsink i Zi për Desktop",Gjirafa50,249,Other
"Kartelë grafike ASRock AMD Radeon RX 9070XT Taichi, 16GB GDDR6",Gjirafa50,831.5,Other
"Ftohës Thermalright Assassin Spirit 120 EVO, i zi",Gjirafa50,29.5,Other
"Memorie G.Skill Trident Z5 Neo RGB, DDR5, 32 GB, 6400 MHz, CL32, F5-6400J3239G16GX2-TZ5NRW",Gjirafa50,712.5,Other
Pllakë amë GIGABYTE MB B760M H DDR4,Gjirafa50,89.5,Other
Kartelë grafike MSI GeForce RTX 5080 VENTUS 3X OC PLU,Gjirafa50,1129.5,Other
"Kartelë grafike ASUS GeForce RTX 5070 TUF OC, 12GB GDDR7",Gjirafa50,829.5,Other
Kartelë grafike MSI GeForce RTX 5050 VENTUS 2X OC 8GB GDDR6 DLSS4,Gjirafa50,249.5,Other
"Burim energjie ASUS TUF Gaming 850W Gold, 24-pin ATX, 850 W",Gjirafa50,139.5,Other
"Procesor AMD Ryzen 5 5500, 3.6 GHz, 16 MB, BOX (100-100000457BOX)",Gjirafa50,89.5,Other
"Disk i jashtëm SSD SanDisk Extreme Portable V2 1TB, 2.5"", i zi/ portokalli",Gjirafa50,198.5,Storage
Kartelë grafike MSI GeForce RTX 5060 8GB VENTUS 2X OC,Gjirafa50,329.5,Other
"Ftohës Thermalright Peerless Assassin 120 SE Extrem, i zi",Gjirafa50,49.5,Other
"Disk SSD PNY CS2230, 500GB, M.2 2280 PCI-E x4 Gen3 NVMe",Gjirafa50,69.5,Storage
"Kartelë grafike GIGABYTE GeForce RTX 5070 Ti WINDFORCE OC SFF, 16GB GDDR7, e zezë",Gjirafa50,899.5,Other
"Kasë për PC Fractal Design North Charcoal, e kaftë/e zezë",Gjirafa50,182.5,Other
Pllakë amë ASUS PRIME X870-P WIFI,Gjirafa50,269.5,Networking
"Kartelë grafike ASUS TUF Gaming TUF-RTX5090-O32G, NVIDIA GeForce RTX 5090, 32GB GDDR7",Gjirafa50,3648.5,Other
Pllakë amë GIGABYTE B650 EAGLE,Gjirafa50,139.5,Other
"Disk SSD WD Black SN850X, 1TB, M.2 2280 PCI-E x4 Gen4 NVMe",Gjirafa50,179.5,Storage
"Burim energjie Thermalright KG-650, 650W",Gjirafa50,59.5,Other
"Disk SSD Samsung T7, 2TB, USB 3.2 Gen2, i hirtë (MU-PC2T0T/WW)",Gjirafa50,273.5,Storage
Kartelë grafike Gigabyte GeForce RTX 5070 Ti Gaming OC 16GB GDDR7,Gjirafa50,1079.5,Other
"Kasë ADATA XPG Invader X BTF RGB, e zezë, Midi Tower",Gjirafa50,99.5,Other
"Ftohës Thermalright Peerless Assassin 120 Digital ARGB, i zi",Gjirafa50,59.5,Other
"Kasë kompjuteri MSI MAG FORGE 100M, me panel anësor prej xhami, i zi",Gjirafa50,59.5,Other
"Kasë Thermaltake View 270 TG ARGB, e bardhë, Midi Tower",Gjirafa50,118.5,Other
Ftohës për CPU Deepcool AG400 Digital BK ARGB,Gjirafa50,39.5,Other
"Kasë Darkflash DK431 Glass, Midi Tower",Gjirafa50,53.5,Other
Pllakë amë ASRock B650M-HDV/M.2 - AMD B650,Gjirafa50,119.5,Other
"Memorie RAM G.Skill Trident Z5 Neo RGB, DDR5, 32 GB, 6000MHz, CL30",Gjirafa50,604.5,Other
Kartelë grafike PNY GeForce RTX 4060 Ti XLR8 Gaming Verto OC Dual Fan 8GB GDDR6,Gjirafa50,459.5,Other
"Memorie ADATA XPG Gammix D35, DDR4, 16 GB, 3200 MHz, CL16, AX4U32008G16A-DTBKD35",Gjirafa50,148.5,Other
"Memorie Kingston Fury Beast, DDR5, 8 GB, 6000 MHz, CL36, KF560C36BBE-8",Gjirafa50,285.5,Other
Memorie RAM G.Skill Trident Z RGB F4-3200C16D-16GTZRX 16 GB DDR4 3200 MHz,Gjirafa50,161.5,Other
Disk i jashtëm SSD Icy Box USB-C 3.2 Gen 2 - M.2 NVMe SSD,Gjirafa50,39.5,Storage
"HDD i jashtëm Gembird (EE2-U3S-3-GL), 2.5"", SATA, USB 3.2 Gen 1",Gjirafa50,21.5,Storage
Ftohës Thermalright Peerless Assassin 120 SE V3,Gjirafa50,49.5,Other
"Kartelë grafike GIGABYTE GeForce RTX 5070 Ti WINDFORCE OC SFF 16G, 16GB GDDR7",Gjirafa50,971.5,Other
"Procesor AMD Ryzen 7 5700X, 3.4 GHz, 8 bërthama, 16 thread, 36 MB cache, OEM, i argjendtë",Gjirafa50,187.5,Other
"Pllakë amë G.Skill Trident Z Neo, DDR4, 32GB, 3600MHz, CL18",Gjirafa50,322.5,Other
"Kartelë grafike GIGABYTE NVIDIA GeForce RTX 4060 GAMING OC, 8GB GDDR6, 2xDP, 2xHDMI",Gjirafa50,393.5,Other
"Kasë Nzxt H7 Flow RGB, e zezë, Midi Tower",Gjirafa50,159.5,Other
"Memorie RAM Micron, 32GB DDR5-5600, ECC UDIMM 2Rx8, CL46",Gjirafa50,296.5,Other
Procesor AMD Ryzen 9 9950X3D,Gjirafa50,851.5,Other
"Kasë Fractal Design North, Midi Tower",Gjirafa50,172.5,Other
"Kasë Deepcool CC560 ARGB V2 / ATX, e zezë",Gjirafa50,59.5,Other
Procesor AMD Ryzen 5 5600X,Gjirafa50,159.5,Other
"UPS Armac Pure Sine Wave Office, 650VA, LCD, i zi",Gjirafa50,128.5,Other
Procesor Intel Core i5-14400F,Gjirafa50,183.5,Other
"Disk i jashtëm SSD SanDisk Extreme Portable V2, 2.5"", 500 GB, i zi/ portokalli",Gjirafa50,169.5,Storage
"Kasë Deepcool CC560 V2 / ATX, e zezë",Gjirafa50,59.5,Other
Procesor Intel Core i5-14600KF,Gjirafa50,286.5,Other
"Memorie G.Skill Ripjaws S5, DDR5, 32 GB, 6000 MHz, CL36, F5-6000J3636F16GX2-RS5K",Gjirafa50,474.5,Other
"Memorie Kingston Value, SODIMM, DDR4, 16GB, 3200MHz, CL22 (KVR32S22D8/16)",Gjirafa50,181.5,Other
Pllakë amë Gigabyte X870E AORUS ELITE WIFI7,Gjirafa50,354.5,Networking
"Kartelë grafike GIGABYTE AORUS GeForce RTX 5070 MASTER 12G, 12GB GDDR7",Gjirafa50,799.5,Other
"Kartelë grafike GIGABYTE AMD Radeon™ RX 7600 Gaming OC 8G, 8GB GDDR6",Gjirafa50,305.5,Other
"Kasë Krux Exo RGB, e zezë",Gjirafa50,107.5,Other
"Kartelë grafike Gigabyte GeForce RTX 5060 Windforce, 8GB, GDDR7, DLSS4, e zezë",Gjirafa50,329.5,Other
"Disk i jashtëm Verbatim SSD, 1TB, USB 3.2 Gen 2, i hirtë",Gjirafa50,79.5,Storage
Ftohës Deepcool AK400,Gjirafa50,38.5,Other
"Procesor AMD Ryzen 7 5800X, 3.8GHz, 32MB",Gjirafa50,218.5,Other
"Procesor Intel i7-14700KF 5,6 GHz LGA 1700",Gjirafa50,419.5,Other
"Burim energjie Gigabyte Ultra Durable, 850 W",Gjirafa50,119.5,Other
Ftohës Liquid Freezer III 240 A-RGB White (ACFRE00150A),Gjirafa50,99.5,Other
"Kasë Deepcool CH370 / MidT / MiniITX, e zezë",Gjirafa50,57.5,Other
Ftohës Arctic Freezer 36 A-RGB CPU (ACFRE00124A),Gjirafa50,58.5,Other
"Procesor AMD Ryzen 9 9900X3D, BOX",Gjirafa50,639.5,Other
"Memorie operative Apacer, 4GB DDR4",Gjirafa50,19.5,Other
Pllakë amë MSI MAG B650 TOMAHAWK WIFI,Gjirafa50,212.5,Networking
Ftohës për procesor Deepcool AK620 Digital (R-AK620-BKADMN-G),Gjirafa50,91.5,Other
"Kartelë grafike GIGABYTE GeForce RTX 5070 WINDFORCE OC SFF 12G, 12GB GDDR7",Gjirafa50,679.5,Other
"Disk SSD SanDisk Extreme Portable, 2TB",Gjirafa50,274.5,Storage
"Ftohës Thermalright Frozen Warframe 360 ARGB, i zi(Bulk)",Gjirafa50,89.5,Other
Kartelë grafike ASUS Dual Radeo RX9060XT 8GB GDDR6,Gjirafa50,399.5,Other
"Kasë për PC Fury Shobo SH4F RGB (NFO-2154), e zezë",Gjirafa50,49.5,Other
Disk Icy Box for M.2 NVMe SSD - USB-C 3.1,Gjirafa50,46.5,Storage
Pastë termale Thermal Grizzly Hydronaut (1g),Gjirafa50,7.5,Other
"Kasë kompjuteri Krux Leda (KRX0007), e zezë",Gjirafa50,99.5,Other
"Kasë MSI MAG Forge M100A, e zezë",Gjirafa50,53.5,Other
"Kartelë grafike GIGABYTE AORUS GeForce RTX 5080 MASTER ICE, 16GB GDDR7, e bardhë",Gjirafa50,1626.5,Other
"Kartelë grafike XFX Quicksilver AMD Radeon RX 9070 OC Gaming, 16GB GDDR6",Gjirafa50,729.5,Other
Pllakë amë MSI PRO H610M-E DDR4 Intel H610 LGA 1700 micro ATX,Gjirafa50,59.5,Other
"Disk SSD WD Black SN850X, 2TB, M.2 2280 PCI-E x4 Gen4 NVMe",Gjirafa50,267.5,Storage
"Disk SSD Kioxia Exceria . 480GB, 2.5"" SATA III",Gjirafa50,58.5,Storage
"Kasë Thermaltake AH T200 Micro, e bardhë, Mini Tower",Gjirafa50,199.5,Other
"Kartelë grafike Gigabyte GeForce RTX 5070 Ti Aero OC, 16GB GDDR7",Gjirafa50,1127.5,Other
"Kasë Darkflash DS900 Air, e zezë, Midi Tower",Gjirafa50,64.5,Other
"Pllakë amë GigaByte AMD B550 (Ryzen AM4), micro ATX, PCIe 4.0",Gjirafa50,79.5,Other
"Kasë Darkflash Aquarius Acrylic, Midi Tower",Gjirafa50,41.5,Other
"Memorie RAM PATRIOT Signature, SODIMM, DDR4, 8GB, 3200 MHz, CL22",Gjirafa50,42.5,Other
"Kartelë grafike ASUS GeForce RTX 5080 TUF Gaming OC, 16GB GDDR7, e zezë",Gjirafa50,1719.5,Other
Pllakë amë ASUS Prime B760M-K D4-Intel B760,Gjirafa50,109.5,Other
Pllakë amë ASUS ROG STRIX B650-A GAMING WIFI - AMD B650,Gjirafa50,237.5,Networking
"Burim energjie DeepCool PF650, 20+4 pin ATX, 650 W",Gjirafa50,67.5,Other
"Xhaketë për meshkuj Magnum Sparta 2.0, M, e zezë",GjirafaMall,155.5,Other
"Duks për meshkuj Under Armour, 123976-1228425",GjirafaMall,59.95,Other
"Atlete për meshkuj Under Armour Charged Assert 10, nr. 44",GjirafaMall,89.95,Other
"Atlete për femra Under Armour Charged Aurora 2 W, nr. 40",GjirafaMall,84.95,Other
"Çizme për Meshkuj, ADIDAS - HP8600",GjirafaMall,96,Other
"Atlete për meshkuj Asics Gel-Fujisetsu 3 G-Tx, nr. 44 1/2",GjirafaMall,159.95,Other
"Korset BRATZ Donika Loci, M, nude",GjirafaMall,50,Other
"Korset X Donika Loci, M, i zi",GjirafaMall,50,Other
"Çizme për meshkuj MAGNUM Classic, nr. 48, të zeza",GjirafaMall,141.5,Other
"Korset X Donika Loci, S, nude",GjirafaMall,50,Other
"Bikini sytjena Kris line Brassiere antonella, rozë",GjirafaMall,32.99,Other
"Çizme Timberland 6 Premium, nr. 36, të zeza",GjirafaMall,202.5,Other
"Çizme malore për meshkuj Magnum Lynx 8.0, të zeza, nr. 41",GjirafaMall,209.5,Other
"Çizme Gabor BB213130, të zeza, nr. 36.5",GjirafaMall,102.5,Other
"Bluzë për meshkuj Joma Camiseta Brama Academy (101018.100), L/XL, e zezë",GjirafaMall,25.99,Other
Xhaketë motoristike Dainese Desert Tex,GjirafaMall,415,Other
"Shirit elektrik vrapimi Zipro Tekno, i zi",GjirafaMall,311.99,Other
Shirit vrapimi Zipro Newlite,GjirafaMall,250.99,Other
"Biçikletë fitnesi Zipro One S Gold, e zezë",GjirafaMall,97.99,Other
"Shirit vrapimi Zipro Pacemaker, iConsole +, i zi / artë",GjirafaMall,692.99,Gaming Console
"Lojë tavoline Monopoly Edicioni i Kosovës, 8+",GjirafaMall,18,Other
"Shirit vrapimi Zipro Luma Electric, i zi",GjirafaMall,329.99,Other
"Pesha dore HMS SGG30BAR, 30 kg, të kaltra/zeza",GjirafaMall,109.99,Other
"Biçikletë magnetike për ushtrime Zipro One S, e zezë / kaltër",GjirafaMall,103.99,Other
Paralele për stërvitje Zipro Freestanding,GjirafaMall,84.99,Other
"Set i peshave të dorës Zipro Dumbbell, 12 pjesë, të zeza",GjirafaMall,59.99,Other
"Shtangë 4 në 1 për ushtrime Eb Fit, 20KG, e zezë",GjirafaMall,55.99,Other
"Shirit vrapimi Zipro Pacto, iConsole+, i zi",GjirafaMall,449.99,Gaming Console
"Pesha dore të rregullueshme Zipro Round, 1 x 36kg",GjirafaMall,171.99,Other
"Stol fitnesi Zipro Grind, i zi",GjirafaMall,57.99,Other
Bicikletë fitnesi Zipro Drift,GjirafaMall,109.99,Other
"Biçikletë eliptike Zipro Burn, e zezë",GjirafaMall,164.99,Other
Kuzhinë prej druri me zë dhe 6 pajisje Candy Chic,GjirafaMall,239.5,Other
"Çantë për nëna Cangaroo Solana, e hirtë",GjirafaMall,27.99,Other
Footmuff THES PER KARROCE Puffed Grey,GjirafaMall,99,Other
"Çantë dhe shtresë për nderrimin e bebit, madhësia standarde, bezhë",GjirafaMall,60,Other
Kuzhinë druri për fëmijë Funfit me mjete + ndriçim LED,GjirafaMall,124.5,Other
"Shtrat elektrik për fëmijë Baby Center Melandi 601, hiri e errët",GjirafaMall,139,Other
"Përgatitës automatik biberoni BabyBrezza Formula Pro Mini, kompakt, BPA-Free",GjirafaMall,320,Other
"Çantë për fëmijë Diego, madhësia standarde, e kaftë",GjirafaMall,40,Other
"Letra të lagështa Pampers FreshClean, 624 copa",GjirafaMall,19.49,Other
"Anësore për shtrat Milky Coffee, 180x30cm, e kaftë",GjirafaMall,60,Other
"Pompë gjiri Lansinoh Wearable Pump, portative, pa kabllo, 1 copë",GjirafaMall,89,Other
"Karrocë Gala 3në 1, krem",GjirafaMall,179,Other
Pistoletë lodër Pulio,GjirafaMall,19.49,Other
"Karrige veture Moni Aston, e zezë/bezhë",GjirafaMall,58,Other
Pajisje për formulë të bebeve BabyBrezza Pro Advanced Charcoal,GjirafaMall,350,Other
"Lodër kuzhinë druri Viga Toys PolarB 44046, rozë/ argjendë, +3 vjeç",GjirafaMall,98.99,Other
Modigliani - Doris Krystof,GjirafaMall,19.5,Other
Smart Sex - Dr Emily Morse,GjirafaMall,22,Other
Sex - Ali Paul,GjirafaMall,16.9,Other
Titian - Ian G Kennedy,GjirafaMall,19.4,Other
The Science Of Sex - Kate Moyle,GjirafaMall,22,Other
Modern Kama Sutra - Kamini Thomas,GjirafaMall,19.4,Other
Woman In Me - Britney Spears,GjirafaMall,12.95,Other
"Çantë shkolle Promax Minecraft, 40x32x20cm, zezë/gjelbër",GjirafaMall,44.9,Other
"Çantë shkolle Promax Minnie Mouse, 40x32x20cm, rozë",GjirafaMall,59.9,Computer Accessories
Satanic Bible - Anton La Vey,GjirafaMall,11.7,Other
"Çantë lapsash Promax Super Mario, 21x6x9cm, e kaltër",GjirafaMall,6.79,Other
Books That Changed History,GjirafaMall,32.4,Other
Freedom Memories 1954-2021 - Angela Merkel,GjirafaMall,45.5,Other
Arkë për para Red Eagle,GjirafaMall,15.49,Other
"Çantë shkolle Promax Minnie Mouse, 40x30x15 cm, kuqe/zezë",GjirafaMall,44.9,Computer Accessories
Louis Vuitton Catwalk The Complete Fashion Collections,GjirafaMall,77.8,Other
Proteinë 100% PURE WHEY 2.3kg,GjirafaMall,80.91,Other
"Proteinë 100% Whey Protein Professional, 2.3kg",GjirafaMall,71.92,Other
"Kapsula BioTechUSA Hyaluronic & Collagen, 120 kapsula",GjirafaMall,23.9,Other
"Proteinë Iso Whey Zero, 908g",GjirafaMall,58.5,Other
"Proteinë Iso Whey Zero Caffe Latte, 1816g",GjirafaMall,95,Other
"Çizme shiu Demar Predator XL, nr. 45, të gjelbra",GjirafaMall,38.99,Other
BC 27 BEURER - Tensiometër dore,GjirafaMall,35.75,Other
"100% WHEY PROTEIN PROFESSIONAL, 920g",GjirafaMall,38.61,Other
"Proteinë 100% PURE WHEY, 1kg Bourbon Vanilla",GjirafaMall,38.61,Other
"Pastë për dhëmbë Marvis Toothpaste Kissing Rose, 75 ml",GjirafaMall,9.25,Other
"Proteinë Iso Whey Zero Catalan Caramel Cream, 908g",GjirafaMall,58.5,Other
"Suplement Cellucor Pre-Workout C4 Original 30 servings Strawberry Margarita, 201g",GjirafaMall,23.1,Other
"Furçë dhëmbësh elektrike Oral-B Vitality 100 CrossAction, e zezë.",GjirafaMall,31.59,Other
"Irrigator oral Berdsen ClearJet X3, 4 pjesë, 150 ml, i bardhë",GjirafaMall,35.49,Other
"Kolagjen pluhur Swedish Collagen Pure, 300gr",GjirafaMall,28.8,Other
"Mjaltë Manuka Doctor Honey 1040MGO, 250gr",GjirafaMall,189.99,Other
Raki dardhe - Williams Pircher me frut dardhe,GjirafaMall,32,Other
Raki dardhe - Williams Pircher,GjirafaMall,22,Other
Aptamil 1 800 gr - Qumesht Pluhur per Foshnje 0 deri ne 6 muaj,GjirafaMall,19.9,Other
Çips Patos Rolls 109gr,GjirafaMall,0.99,Other
"Mjaltë Manuka Doctor 340mgo, 250g",GjirafaMall,49.99,Other
Verë e kuqe - SHE Red,GjirafaMall,29.9,Other
"Proteinë Hyper Mass, 1kg",GjirafaMall,15.75,Other
Verë rozë - SHE rose,GjirafaMall,22.9,Other
Nescafè® Dolce Gusto® Chococino (16 kapsula),GjirafaMall,7.2,Other
Çaj kopre Mesh Stick 32gr,GjirafaMall,2.97,Other
Çips Patos Baharatli 109gr,GjirafaMall,0.99,Other
Mjaltë Manuka Doctor 1000mgo 250g,GjirafaMall,129.99,Other
Verë e bardhë - SHE white,GjirafaMall,24.9,Other
Aptamil 1 Comfort 800 gr - Qumesht Pluhur per Foshnje kunder shtrengimeve ne stomak,GjirafaMall,20.99,Other
Nescafè® Dolce Gusto® Latte Macchiato Caramel (16 kapsula),GjirafaMall,7.2,Other
Tenxhere me presion Delimano Multicooker,TopShopKS,99.9,Other
Dyshek Aloe Vera Plus Memory,TopShopKS,188.93,Other
Nutrilife Delimano,TopShopKS,39.96,Other
Shtresa Dormeo Olive Oil Dormeo,TopShopKS,47.96,Other
Shtupë me avull Nano 3në1,TopShopKS,99.9,Other
Stilues AirTech Pro Wellneo,TopShopKS,99.96,Other
Jorgan Dyshtresor AloeVera Dormeo,TopShopKS,32.97,Other
Set i enëve Stone Legend Black 10 pjesë Delimano,TopShopKS,159.91,Other
Fshesë Storm Vac Rovus,TopShopKS,39.96,Other
Set Batanije & Jastëk Warm Hug v1 Dormeo,TopShopKS,29.95,Other
"Fritezë e kuqe, pa vaj Prime",TopShopKS,59.94,Other
Dyshek Dormeo Air+ Comfort Dormeo,TopShopKS,454.93,Other
Ngrohës & Masazhues 3në1 Wellneo,TopShopKS,29.9,Other
Robot kuzhine Pro,TopShopKS,99.95,Other
Aparat për kafe Espresso Joy Delimano,TopShopKS,79.9,Other
Trakë Vrapimi Gymbit Focus P1 Gymbit,TopShopKS,324.95,Other
Biçikletë Gymbit Air Gymbit,TopShopKS,179.94,Other
Shtupë me spërkatje 3në1 Rovus,TopShopKS,11.97,Other
Dyshek për bebe Dormeo,TopShopKS,69.95,Other
Set Jorgan & Jastëk Soft për fëmijë Dormeo,TopShopKS,23.96,Other
Valixhe udhetimi Dormeo Go Dormeo,TopShopKS,83.94,Other
Xhezve elektrike Joy Delimano,TopShopKS,19.95,Other
Pest Repeller 3 copë Rovus,TopShopKS,8.97,Other
Rubinet për ngrohjen e ujit Rovus,TopShopKS,44.95,Other
Masazher 4në1 Shiatsu për qafë dhe shpinë Wellneo,TopShopKS,109.95,Other
Masazhues Shiatsu për shpinë & shpatulla Wellneo,TopShopKS,59.91,Other
Ngrohës & Masazhues 3në1 Wellneo,TopShopKS,29.9,Other
Slim Shapers,TopShopKS,8.97,Other
Trakë Vrapimi Gymbit Focus P1 Gymbit,TopShopKS,324.95,Other
Orbitrek Pro Max Top Shop,TopShopKS,209.94,Other
Biçikletë Gymbit Air Gymbit,TopShopKS,179.94,Other
Tharëse Flokësh Rovus,TopShopKS,12,Other
Slim Shapers,TopShopKS,8.97,Other
Valixhe udhetimi Dormeo Go Dormeo,TopShopKS,83.94,Other
Çantë sportive Dormeo Go Dormeo,TopShopKS,32.94,Other
Çantë shpine Dormeo GO Business Dormeo,TopShopKS,26.94,Other
Masazhues 3D Shiatsu për trup Wellneo,TopShopKS,39.96,Other
SPA 2në1 për këmbë Wellneo,TopShopKS,79.75,Other
Tharëse Flokësh e bardhë 2në1 Wellneo,TopShopKS,20.97,Other
Tharëse e Palosshme 2në1 Wellneo,TopShopKS,14.97,Other
Ngrohës & Masazhues 3në1 Wellneo,TopShopKS,29.9,Other
Masazhues 3D Shiatsu Tapping Wellneo,TopShopKS,64.95,Other
Masazher 4në1 Shiatsu për qafë dhe shpinë Wellneo,TopShopKS,109.95,Other
Masazhues Shiatsu për shpinë & shpatulla Wellneo,TopShopKS,59.91,Other
Bufi ekspresiv Hoo-Hoo mini Dormeo,TopShopKS,4.95,Other
Bufi ekspresiv Hoo-Hoo 3në1 Dormeo,TopShopKS,29.9,Other
Pista Magjike - 188 pjesë,TopShopKS,19.96,Other
Dyshek për bebe Dormeo,TopShopKS,69.95,Other
Peshqir Hugger Dormeo,TopShopKS,9.96,Other
Dormeo Cozy Cuddles Unicorn Dormeo,TopShopKS,24.95,Other
DORMEO COZY CUDDLES DINO Dormeo,TopShopKS,24.95,Other
DORMEO WRAP'N'PLAY DOG Dormeo,TopShopKS,14.95,Other
DORMEO WRAP'N'PLAY DUCK Dormeo,TopShopKS,14.95,Other
DORMEO WRAP'N'PLAY BUNNIE Dormeo,TopShopKS,14.95,Other
Dyshek Dormeo Air+ Comfort Dormeo,TopShopKS,454.93,Other
Ngrohës qeramike Rovus,TopShopKS,49.9,Other
Tepsi rrumbullake Stone Legend Classic,TopShopKS,23.94,Other
Masazher 4në1 Shiatsu për qafë dhe shpinë Wellneo,TopShopKS,109.95,Other
Gota Whiskey Lumina 370ml Delimano,TopShopKS,8.97,Other
Tharëse e Palosshme 2në1 Wellneo,TopShopKS,14.97,Other
Valixhe udhetimi Dormeo Go Dormeo,TopShopKS,83.94,Other
Çantë sportive Dormeo Go Dormeo,TopShopKS,32.94,Other
Batanije Dormeo Cool & Comfort Duo Dormeo,TopShopKS,19.96,Other
Aksesorë për Shtupë higjienizuese Nano Plus Rovus,TopShopKS,24.9,Other
Shtresë memory Warm&Cool Dormeo,TopShopKS,124.9,Other
Filtera për Fshesë vakumi Nano Canister,TopShopKS,14.9,Other
Mulli Elektrik Delimano Joy,TopShopKS,19.9,Other
SPA 2në1 për këmbë Wellneo,TopShopKS,79.75,Other
Këllëf mbrojtës kundër ujit Dormeo,TopShopKS,17.94,Other
Çantë shpine Dormeo GO Business Dormeo,TopShopKS,26.94,Other
VALIXHE DORMEO GO! Dormeo,TopShopKS,38.47,Other
Jorgan i Verës Dormeo,TopShopKS,17.97,Other
Mbajtëse Dysheku Compact Flex Dormeo,TopShopKS,69.93,Other
Hekur Steam Station Rovus,TopShopKS,79.9,Other
"Microsoft Surface Laptop 3 15"" WQHD Touchscreen 2496x1664 pixels Ryzen 5 16GB RAM 256GB Black Windows 11 Home AMD Radeon RX Vega 11",AmazonDE,458.16,Smartphone
LG gram 17 Inch Laptop with Windows 11 Home Intel Core Ultra 7 Processor 16GB LPDDR5x RAM 1TB Dual SSD 17Z90TL-G.AU79G - Grey,AmazonDE,1233.58,Laptop
HP 250 - Silver (G10) - 15.6 Inch FHD - Core i7 1355U - RAM: 16GB - SSD: 1000GB - Windows 11 Pro # with Wireless Mouse + Notebook Bag,AmazonDE,736.14,Laptop
"Lenovo ThinkBook 14 G6 14 Inch Notebook, Intel i7-13700H, 32Gb Ram, 1Tb Ssd, Wuxga 1920 x 1200, Grey, Windows 11 Pro, Keyboard Qwertz German",AmazonDE,974.31,Laptop
Lenovo Yoga Slim 9i Laptop | Copilot+ PC | 14 Inch 4K WQUXGA OLED Touch Display | Intel Core Ultra 7 | 32GB RAM | 1TB SSD | Intel Arc Graphics | Windows 11 Home | QWERTZ | Tidal Teal | 3 Years Premium Care,AmazonDE,2148.33,Laptop
Microsoft Surface Laptop 3 15 Inch AMD Ryzen 7 3780U 16GB RAM 512GB SSD,AmazonDE,575.34,Laptop
Microsoft Surface Laptop Go 2 i5/4/128 cm SC German Austria/Germany Commercial Platinum Windows 11,AmazonDE,338,Laptop
"ASUS Vivobook 14 Inch FHD Laptop, Intel Core i5-1334U, 16GB RAM 512GB SSD, NumberPad, Long Battery Life, Private Webcam, PDG HDMI Cable, US Version KB, Windows 11 Pro, Quiet Blue",AmazonDE,574.99,Laptop
Lenovo Notebook ThinkPad E16 G3 (21SR000KGE),AmazonDE,1020.3,Laptop
"Microsoft Surface Laptop 4, 15 Inch Laptop (Ryzen 7se, 8GB RAM, 512GB SSD, Win 10 Home) Platinum",AmazonDE,714.1,Laptop
"HP 250 G10 Notebook - Intel Core i5 1335U / 1.3 GHz - Win 11 Pro - Intel Iris Xe Graphics Card - 16 GB RAM - 512 GB SSD NVMe - 39.6 cm (15.6"") IPS 1920 x 1080 (Full HD)",AmazonDE,602.86,Laptop
Bigmachine Computer Laptop Mini 10.1 Inch 32GB Windows 10 Ultra Thin and Lightweight Netbook Quad Core PC HDMI USB Webcam Netflix YouTube QWERTZ Layout (Black),AmazonDE,222.6,Laptop
Lenovo Notebook ThinkPad X1 Carbon G13 Aura Edition (21NX007GGE),AmazonDE,2522.17,Laptop
"Laptop Lenovo IdeaPad Slim 5 14Q8X9, 14″, Qualcomm Snapdragon X1P, 32GB RAM, 1TB SSD, i argjendtë",Gjirafa50,979.5,Laptop
"Laptop ASUS Zenbook 14 OLED (UX3405), 14"", Intel Core Ultra 7, 32GB RAM, 1TB SSD, Intel Arc 140T, i bardhë",Gjirafa50,1499.5,Laptop
Docking station me funksion klonimi CoreParts USB3.2 Type C (10 Gbps) SATA M.2 SSD,Gjirafa50,89.5,Storage
"Memorie RAM Hiksemi Armor DDR5 16 GB 6000 MHz (HSC516U60D2) – U10 U-DIMM, Heatsink i Zi për Desktop",Gjirafa50,269,Other
"Laptop DELL NB Vostro 3530, 15.6"", Intel Core i5-1334U, 8GB RAM, 512GB SSD, i hirtë",Gjirafa50,389.5,Laptop
"Celular Nothing Phone (3), 6.67″, 12 GB RAM, 256GB, i zi",Gjirafa50,829.5,Other
"Televizor Samsung UE65U8072FU, 65"", 4K Ultra HD, Smart TV, i zi",Gjirafa50,603.5,TV
"Kartë e memories SanDisk Extreme, SDXC, 64 GB, Class 10",Gjirafa50,19.5,Other
Telekomandë per TV LG SRP4030/10,Gjirafa50,14.99,TV
"Karrige SENSE7 Spellcaster FUKU, material, e hirtë/ zezë",Gjirafa50,129.5,Other
"Kontroller Sony PlayStation 5 Dualsense, Wireless, i hirtë",Gjirafa50,79.5,Gaming Console
"Tavolinë lojërash Huzaro Hero 6.0, 147x112cm, e zezë",Gjirafa50,84.5,Other
"Tastierë Endorfy Thock Compact Wireless Brown, Kailh Box Brown, US, e zezë",Gjirafa50,96.5,Other
"Tavolinë Maclean MC-835, 80x40cm, e zezë",Gjirafa50,259.5,Other
"Orë smart Xiaomi Redmi Watch 5 Active, e bardhë",Gjirafa50,39.5,Smartphone
"Prizë smart TP-LINK Tapo P110, e bardhë",Gjirafa50,32.5,Other
"Maus Kysona M617, i bardhë",Gjirafa50,39.5,Other
Mauspad Gjirafa50 Fiftypad Bold - L,Gjirafa50,24.5,Other
"Set tastierë Logitech MX Keys S Plus dhe maus MX Master 3S, grafit",Gjirafa50,218.5,Computer Accessories
Burim energjie GIGABYTE UD1000GM PG5 Rev.2.0 1000W 80+ Gold 120mm fan,Gjirafa50,139.5,Other
"Kartelë grafike GIGABYTE GeForce RTX 5060 OC        8GB GDDR7, 128bit, PCI-E 5.0, 2512 MHz Core Clock, 1 x HDMI, GV-N5060OC-8GL",Gjirafa50,377.5,Other
"Kasë NZXT H9 Elite, e bardhë",Gjirafa50,247.5,Other
Procesor AMD Ryzen 5 9600X 3.9 GHz 38 MB L2 & L3 Box,Gjirafa50,273.5,Other
"Eau de Parfum Lattafa Khamrah, 100 ml",GjirafaMall,30.99,Other
"Eau de Parfum Lattafa Yara, 100 ml",GjirafaMall,24.99,Other
"Eau de Parfum French Avenue Liquid Brun, 100 ml",GjirafaMall,39.99,Other
"Eau de Parfum Lattafa Eclaire, 100 ml",GjirafaMall,29.99,Other
"Eau De Parfum Lattafa Khamrah Qahwa, 100 ml",GjirafaMall,29.99,Other
"Eau de Parfum Lattafa Asad, 100 ml",GjirafaMall,21.99,Other
"Eau de Parfum Azzaro The Most Wanted, 100 ml",GjirafaMall,124.95,Other
Stiluese për flokë Dyson Airwrap HS08,GjirafaMall,599.99,Other
"Eau de Parfum Lattafa Asad Bourbon, 100ml",GjirafaMall,22.99,Other
"Eau de Parfum Lattafa Angham, 100ml",GjirafaMall,22.99,Other
"Eau de Parfum Lattafa Yara Elixir, 100ml",GjirafaMall,24.99,Other
"Eau de Parfum Afnan Men's Supremacy Collector's Edition, 100ml",GjirafaMall,54.99,Other
"Tharëse për flokë Revlon One step Volumiser RVDR5222, 800 W",GjirafaMall,36.99,Other
Eau De Parfum Rasasi Hawas For Him,GjirafaMall,47.95,Other
Stiluese për flokë Dyson Airwrap Origin HS05,GjirafaMall,574.99,Other
Eau de Parfum Lattafa Khamrah,GjirafaMall,34.95,Other
"Çadër Esperanza Milan, e zezë",GjirafaMall,6.99,Other
"Kuletë Saforta Genuine Leather, e zezë",GjirafaMall,39.5,Other
"Kuletë Saforta Crazy Horse, Espresso",GjirafaMall,59.95,Other
Byzylyk Tommy Hilfiger Intertwined Circles 2780842,GjirafaMall,81.18,Other
"Thikë Neo Knife, 25 cm",GjirafaMall,21.99,Other
"Thikë e madhe Victorinox ""Sentinel"", me peshë te lehtë dhe mbyllje, e zezë",GjirafaMall,36.23,Other
Orë dore për femra Aqua di Polo APL99B5220H01,GjirafaMall,5.99,Other
"Çantë krahu Guess mGU2744, e kaftë",GjirafaMall,140.21,Other
"Çantë dore Guess mGU2633, e zezë",GjirafaMall,169.6,Other
Hexagona Paris Çantë Krahu,GjirafaMall,55,Other
"Kuletë për femra Tommy Hilfiger, e zezë",GjirafaMall,65.17,Other
"Çantë beli Magnum Plover, 2L, e zezë",GjirafaMall,23.49,Other
Orë dore për meshkuj Aqua di Polo APWR010005,GjirafaMall,5.99,Other
"Çantë shpine Hi-Tec Tosca, 50 l, e zezë",GjirafaMall,65.5,Other
"Çantë e vogël krahu me dizajn klasik FD Leather, e kaftë",GjirafaMall,50,Other
"Kuletë Saforta Crazy Horse, e zezë",GjirafaMall,59.95,Other
"Set tenxheresh KingHoff, 12 elemente, të argjendta",GjirafaMall,89.99,Other
"Shtupë me avull Vileda Steam Plus, e zezë",GjirafaMall,78.99,Other
"Tenxhere Multicooker Eta Granellino, 500W, 1.5L, 9 programe",GjirafaMall,49.99,Other
"Pastrues me avull Karcher SC 3 EasyFix 1.513-650.0, e bardhë",GjirafaMall,181.99,Other
Thithëse elektrike Dyson GEN 5 Detect Absolute Upright,GjirafaMall,867.99,Other
Shtupë rrotulluese me kovë Vileda Turbo Smart,GjirafaMall,22.99,Other
"Shtupë pastruese rrotulluese Vileda UltraMax Turbo (158632) + kova, e kuqe",GjirafaMall,44.99,Other
"Filtra uji Blaupunkt ACC001 për lagështuesit e ajrit Blaupunkt AHS301, AHS601, AHS801",GjirafaMall,11.49,Other
"Avullues pastrues Esperanza STORM-EHS001, i verdhë",GjirafaMall,24.99,Other
"Shtupë me avull Vileda Steam Plus XXL, e zezë",GjirafaMall,97.99,Other
"Tenxhere Multicooker Esperanza Cooking Mate, 850W, argjendtë (EKG011)",GjirafaMall,33.99,Other
"Set tenxhere KingHoff (KH-4449), 10 elemente",GjirafaMall,86.5,Other
"Aparat për espresso Philips, i zi",GjirafaMall,331.99,Other
"Raft Humberg, 180x40x90cm, i zi/kaftë",GjirafaMall,49.49,Other
"Pastrues i rrobave Philips GC026 / 80, i zi",GjirafaMall,21.99,Other
"Fshesë robotike Midea i5C, e zezë",GjirafaMall,154.99,Other
"Varëse rrobash, 172 x 42 cm",GjirafaMall,5.99,Other
"Tavolinë grimi Heron (120 x 76 x 55), Bardhë",GjirafaMall,99.9,Other
"Karrige për zyre SENSE7 Neyo, e hirtë",GjirafaMall,113.99,Other
"Set tavolina mesi SAG Metal, 80x40x60cm, i kaftë/zi",GjirafaMall,74.8,Other
"Komodë e gjerë Osko 120 OK6 (120 x 77 x 30), Bardhë",GjirafaMall,94.99,Other
"SAG Ulëse Bohemm/ Bardh, 60x60cm",GjirafaMall,99.99,Other
"Komodinë anësore Osko OK2 (40 x 40 x 30), Bardhë",GjirafaMall,26.99,Other
"Karrige zyre Bristone 56x53x93Hcm (HM1058.31), zezë",GjirafaMall,39.99,Other
"Tavolinë grimi Heron (120 x 76 x 55), Bardhë",GjirafaMall,94.99,Other
"SAG Ulëse Bohemm/ Pink, 60x60cm",GjirafaMall,99.99,Other
Tavolina mesi SAG Metal – Hiri imitim betoni,GjirafaMall,74.8,Other
"Komodë Osko OK5 (70 x 112 x 40), Bardhë",GjirafaMall,94.9,Other
"Komodë për TV Dlone 180 (180 x 30 x 33), Bezhë / Zezë",GjirafaMall,112.99,TV
"Tavolinë grimi moderne Razimo (120 x 76 x 55), Bardhë",GjirafaMall,126.99,Other
"Paradhomë Kolom, Bardhë",GjirafaMall,96.99,Other
"Komodë Osko 140 OK6 (138 x 77 x 40), Bardhë",GjirafaMall,95.99,Other
"Dollap për dhomë Sozilo I (200 x 215 x 58), Hirtë",GjirafaMall,323.99,Other
"Komodë Osko 140 OK8 (138 x 100 x 40), Bardhë",GjirafaMall,129.9,Other
"Karrige puf moderne Liwiko Maxi, 300 L (85 x 120 x 85), Hirtë",GjirafaMall,49.9,Other
"SAG Ulëse Bohemm/ gri,        60x60cm",GjirafaMall,99.99,Other
Komodinë anësore Osko OK2 (40 x 40 x 30),GjirafaMall,33.49,Other
"Komodinë anësore Osko OK2 (40 x 40 x 30), Zezë",GjirafaMall,33.49,Other
"Komodinë anësore Osko OK2 (40 x 40 x 30), Bezhë",GjirafaMall,33.49,Other
Komodinë anësore Osko OK1 (40 x 58 x 32),GjirafaMall,41.99,Other
"Komodinë anësore Osko OK1 (40 x 58 x 32), Bardhë",GjirafaMall,41.99,Other
"Komodinë anësore Osko OK1 (40 x 58 x 32), Zezë",GjirafaMall,41.99,Other
"Komodinë anësore Osko OK1 (40 x 58 x 32), Bezhë",GjirafaMall,41.99,Other
Komodinë anësore Gllane 1SZ (54 x 52 x 40),GjirafaMall,98.49,Other
"Komodinë anësore Gllane 1SZ (54 x 52 x 40), Bardhë",GjirafaMall,98.49,Other
"Komodinë anësore Gllane 1SZ (54 x 52 x 40), Zezë",GjirafaMall,98.49,Other
Komodinë anësore Alekto N2SZ AK08 (30 x 38 x 31),GjirafaMall,35.99,Other
"Komodinë anësore Alekto N2SZ AK08 (30 x 38 x 31), Bezhë",GjirafaMall,35.99,Other
"Komodinë anësore Alekto N2SZ AK08 (30 x 38 x 31), Bardhë",GjirafaMall,35.99,Other
Komodinë anësore Razimo 2SZ (35 x 40 x 40),GjirafaMall,53.99,Other
"Komodinë anësore Razimo 2SZ (35 x 40 x 40), Bardhë",GjirafaMall,53.99,Other
"Komodinë anësore Razimo 2SZ (35 x 40 x 40), Bezhë",GjirafaMall,54.9,Other
"Komodinë anësore Razimo 2SZ (35 x 40 x 40), Zezë",GjirafaMall,46.99,Other
"Komodinë nate me 1 sirtar DENTRO DT-03P, bardhë, bezhë",GjirafaMall,45.99,Other
"Komodinë anësore Harry 55x43x48Hcm (HM2487.01), zezë",GjirafaMall,184.95,Other
Komodinë anësore Sonama me 1 sirtar 45x35x47cm (HM2345.01),GjirafaMall,49.95,Other
Komodinë anësore Stawaga (39 x 65 x 37),GjirafaMall,61.49,Other
Komodinë anësore Brimono (50 x 46 x 40),GjirafaMall,135.99,Other
Komodinë anësore Oksawi 1SZ (47 x 52 x 40),GjirafaMall,69.99,Other
Komodinë anësore Neralli (50 x 31 x 40),GjirafaMall,54.99,Other
"Mobilie banjo MADRIT I me lavaman, bezhë",GjirafaMall,249.99,Other
"Mobilie banjo MADRIT I me lavaman, kaftë",GjirafaMall,249.99,Other
"Mobilie banjo MADRIT I me lavaman, hirtë e errët",GjirafaMall,249.99,Other
"Mobilie banjo MADRIT I me lavaman, kaftë",GjirafaMall,249.99,Other
"Mobilie banjo MADRIT II me lavaman, bardhë",GjirafaMall,294.99,Other
"Mobilie banjo MADRIT II me lavaman, bardhë / hirtë",GjirafaMall,294.99,Other
"Mobilie banjo MADRIT II me lavaman, kaftë",GjirafaMall,276.99,Other
"Mobilie banjo MADRIT II me lavaman, kaftë",GjirafaMall,276.99,Other
"Mobilie banjo MADRIT II me lavaman, kaftë / hirtë",GjirafaMall,294.99,Other
"Mobilie banjo MADRIT II me lavaman, kaftë / zi",GjirafaMall,294.99,Other
"Mobilie banjo MADRIT II me lavaman, hirtë e errët / bardhë",GjirafaMall,294.99,Other
"Mobilie banjo MADRIT II me lavaman, bezhë / bardhë",GjirafaMall,294.99,Other
"Mobilie banjo MADRIT II me lavaman, zi",GjirafaMall,276.99,Other
"Mobilie banjo MADRIT II me lavaman, kaftë",GjirafaMall,257.99,Other
"Mobilie banjo me lavaman ALBA, bardhë",GjirafaMall,307.99,Other
"Mobilie banjo me lavaman ALBA, kaftë / bardhë",GjirafaMall,307.99,Other
"Mobilie banjo me lavaman ALBA, kaftë / bardhë",GjirafaMall,269.49,Other
"Mobilie banjo me lavaman ALBA, bezhë / bardhë",GjirafaMall,307.99,Other
"Mobilie banjo me lavaman ALBA, kaftë / zi",GjirafaMall,323.49,Other
"Mobilie banjo me lavaman ALBA MDF, bezhë / bardhë",GjirafaMall,373.99,Other
"Mobilie banjo me lavaman MALO, kaftë",GjirafaMall,244.99,Other
"Mobilie banjo me lavaman MALO, kaftë",GjirafaMall,262.99,Other
"Mobilie banjo me lavaman MONTREAL, bardhë / hirtë",GjirafaMall,263.99,Other
"Mobilie banjo me lavaman MONTREAL, bezhë",GjirafaMall,263.99,Other
"Mobilie banjo me lavaman MONTREAL, bardhë",GjirafaMall,211.49,Other
"Kufje Blow BTE200, të zeza",GjirafaMall,6.99,Other
Kompresor për veturë Yato YT-73460 12V 180W,GjirafaMall,29.99,Other
Thikë kanate universale PROLINE 195 mm (30040),GjirafaMall,18.49,Other
"Xhaketë Lahti Pro, XL, e zezë",GjirafaMall,69.5,Other
"Çizme bore Lahti pro L3080442, të kafta, nr 42",GjirafaMall,49.5,Other
"Kuti mjetesh me mjete, 80 copë. (YT-38951)",GjirafaMall,124.5,Other
"Makinë pastruese me presion Bosch Aquatak 130, e gjelbër/e zezë",GjirafaMall,227.5,Other
"Atlete pune për meshkuj Neo, nr. 43, të zeza",GjirafaMall,59.5,Other
"Sharrë tavolinë Scheppach HS80, 1200 W, 210 mm, e hirtë / kaltër",GjirafaMall,223.5,Other
"Thikë Stanley Fatmax, 8 cm",GjirafaMall,15.99,Other
"Thikë e palosshme Neo me dry, 8.5cm (63-026)",GjirafaMall,16.99,Other
"Eau de Parfum Lattafa Khamrah Qahwa, 100ml",GjirafaMall,38.49,Other
"Organizator Stanley, 39 sirtarë",GjirafaMall,33.99,Other
Kaçavidë set Graphite me 60 pjesë 56H600,GjirafaMall,24.99,Other
"Çizme Lahti Pro PVC OB L3070142, të zeza, nr 42",GjirafaMall,28.99,Other
"Këpucë për siguri në punë, Würth, Cruise, S3-e thellë, 42, Portokalltë",GjirafaMall,49.95,Other
"Turjelë Makita, 18V, e kaltër",GjirafaMall,122.5,Other
"Set kavanoza dhe mbajtëse erëzash Lamart LT 7051, 12 copë, e kaftë",GjirafaMall,29.99,Other
"Karikues për bateri AMiO, 12 / 24 V",GjirafaMall,137.5,Other
"Pastrues i sistemit të injektimit Diesel, PCS 004 (204), 300 ml",GjirafaMall,10.95,Other
"Aditiv për diesel Würth ADBLUE, 10L",GjirafaMall,20.75,Other
Additiv për vaj motorik PCS 007 (207),GjirafaMall,10.95,Other
Gomë 225/45R17 MICHELIN TL ALPIN 6 (EU) 91H *E* DE,GjirafaMall,144,Other
Pompë qarkullimi për ngrohje qëndrore Weberman 25-60-180 (0202W),GjirafaMall,73.99,Other
"Pastrues i DPF Parts Center PCL007 (107), 300 ml",GjirafaMall,10.95,Other
"Set kavanoza për erëza Lamart LT7017, 8 copë, transparente",GjirafaMall,19.99,Other
Karikues Green Cell për bateri 2V / 6V / 12V (0.6A),GjirafaMall,14.99,Other
Pastrues i partikël filterëve DIESEL DPF PCL 004 (104),GjirafaMall,25,Other
"Kapak rrote për veturë Versaco Royal RC 16 "", e zezë",GjirafaMall,16.99,Other
"Varëse me aromë për veturë Aromatic 89 Diamond, 1 copë",GjirafaMall,4,Other
"Polirues dhe wax me ngjyrë Sonax Nano Pro, 250 ml, bardhë",GjirafaMall,5.99,Other
"Polirues dhe wax me ngjyrë Sonax Nano Pro, 250 ml, hirtë",GjirafaMall,6.49,Other
"Peshqir mikrofibër Baseus, për makina, 40x80 cm, i hirtë",GjirafaMall,6.49,Other
"Pastrues dhëmbësh me ujë Haxe RST5012, i bardhë",GjirafaMall,37.99,Other
Aptamil 2 800 gr - Qumesht Pluhur per Foshnje 6 deri ne 12 muaj,GjirafaMall,19.9,Other
"Microsoft Surface Laptop 3 15"" WQHD Touchscreen 2496x1664 pixels Ryzen 5 16GB RAM 256GB Black Windows 11 Home AMD Radeon RX Vega 11",AmazonDE,449.04,Smartphone
LG gram 17 Inch Laptop with Windows 11 Home Intel Core Ultra 7 Processor 16GB LPDDR5x RAM 1TB Dual SSD 17Z90TL-G.AU79G - Grey,AmazonDE,1209.03,Laptop
Microsoft Surface Laptop Go 2 i5/4/128 cm SC German Austria/Germany Commercial Platinum Windows 11,AmazonDE,327.96,Laptop
HP 250 - Silver (G10) - 15.6 Inch FHD - Core i7 1355U - RAM: 16GB - SSD: 1000GB - Windows 11 Pro # with Wireless Mouse + Notebook Bag,AmazonDE,758.68,Laptop
Microsoft Surface Laptop 3 15 Inch AMD Ryzen 7 3780U 16GB RAM 512GB SSD,AmazonDE,563.89,Laptop
"Lenovo ThinkBook 14 AMD G7 ARP AMD Ryzen 5 7535HS notebook 35.56 cm (14"")",AmazonDE,731.46,Laptop
Microsoft 365 Single | 1 Jahr | 1 Person | Office Apps mit KI | 1 TB Cloudspeicher | Abo mit automatischer Verlängerung,AmazonDE,92.9,Other
"Lenovo ThinkBook 14 G6 14 Inch Notebook, Intel i7-13700H, 32Gb Ram, 1Tb Ssd, Wuxga 1920 x 1200, Grey, Windows 11 Pro, Keyboard Qwertz German",AmazonDE,1034.01,Laptop
Lenovo Yoga Slim 9i Laptop | Copilot+ PC | 14 Inch 4K WQUXGA OLED Touch Display | Intel Core Ultra 7 | 32GB RAM | 1TB SSD | Intel Arc Graphics | Windows 11 Home | QWERTZ | Tidal Teal | 3 Years Premium Care,AmazonDE,2126.85,Laptop
"ASUS Vivobook 14 Inch FHD Laptop, Intel Core i5-1334U, 16GB RAM 512GB SSD, NumberPad, Long Battery Life, Private Webcam, PDG HDMI Cable, US Version KB, Windows 11 Pro, Quiet Blue",AmazonDE,574.99,Laptop
Lenovo Notebook ThinkPad E16 G3 (21SR000KGE),AmazonDE,990,Laptop
HP EliteBook 840 G6 14 Inch Full HD Intel Core i5 8265U 256GB SSD Hard Drive 16GB Memory Windows 11 Pro Webcam Notebook Laptop (Refurbished),AmazonDE,320,Laptop
HP Inc. Win11pro 9V1L5AT#ABD 250 G10 Core i5-1335U 16GB RAM 512GB SSD,AmazonDE,543.96,Storage
"Microsoft Surface Laptop 4, 15 Inch Laptop (Ryzen 7se, 8GB RAM, 512GB SSD, Win 10 Home) Platinum",AmazonDE,692.89,Laptop
"HP HPP 17-cn3158ng 17.3 Inch FHD IPS, Intel Core i5-1334U, 16GB RAM, 512GB SSD, Windows 11",AmazonDE,654.64,Storage
Bigmachine Computer Laptop Mini 10.1 Inch 32GB Windows 10 Ultra Thin and Lightweight Netbook Quad Core PC HDMI USB Webcam Netflix YouTube QWERTZ Layout (Black),AmazonDE,222.6,Laptop
"Set kuti për organizim (4 copë), ngjyrë antracit, BNMPEGYAR04-1115",Foleja,750,Other
"Qilim (60 x 100) Conceptum Hypnose, W1105 - shumëngjyrësh",Foleja,950,Other
"Këndare Leo, këndore majtas, krem",Foleja,0.01092,Other
"Aksesor dekorativ metalik, dizajn Aberto, ngjyrë bakri, Sımı-A",Foleja,8.5,Other
"Aksesor dekorativ metalik, ngjyrë ari, Aberto Design, Sımı-B",Foleja,8.5,Other
"Organizues grimi Hermia, MonarM - 110, i bardhë",Foleja,8.5,Other
"Pikturë dekorative murale Wallity, 1Artavessayaz18-3348, shumëngjyrëshe, 33x48cm",Foleja,9.5,Other
"Pikturë dekorative për mur, Wallity, Tekhammdf32, shumëngjyrëshe, 33x48cm",Foleja,9.5,Other
"Apple iPhone 16 Pro, 6.3"", 128GB, Desert Titanium",Foleja,0.01359,Smartphone
"Laptop DELL Latitude 3550, Intel Core i5, 16 GB RAM, 512 GB SSD, 15.6"", Windows 11 Pro",Foleja,0.01,Laptop
"Tablet Apple iPad Air 13-inch, Wi-Fi, 256GB, Blu",Foleja,0.01146,Tablet
"Tablet PC Microsoft Surface Pro 11 Copilot+, 256 GB, 32 GB, Platinum",Foleja,0.02259,Tablet
"Tablet Microsoft Surface Pro FB Ultra5/16GB/256GB Win11Pro, e zezë",Foleja,0.01623,Tablet
"Celular Samsung Galaxy S25 Ultra, 6.9"", 12+256GB, black titanium",Foleja,0.01269,Smartphone
"Maus Esperanza EM127, wireless, 1600 DPI, i zi",Foleja,9.5,Other
"Maus pad Savio MP-01B, i zi",Foleja,8.5,Other
Printer Canon PIXMA G3470,Foleja,169,Other
"Eau De Parfum Lattafa Art of Nature II, 100 ml",Foleja,47.18,Other
Eau de Parfum për femra Hermès Twilly d’Hermès 30ml,Foleja,90.5,Other
Eau de Parfum unisex Hermès Jour Absolue 50ml,Foleja,154,Other
"Eau De Toilette Gisada Uomo , 50ml",Foleja,89.68,Other
"Eau De Parfum Jenny Glow Berry & Bay, 80 ml",Foleja,11.9,Other
Maskara Essence Cosmetics Get Big! Lashes Volume Boost Waterproof 12ml,Foleja,8.5,Other
Maskarë Catrice Allround Ultra Black 010,Foleja,2.99,Other
"Maskarë E.l.f Lash 'N Roll Curling & Lifting, e zezë",Foleja,9,Other
"Maskarë për femra Ingrid Volume Exciting Lashes, e zezë, 12ml",Foleja,9.5,Other
Largues grimi për sy Bielenda Bouquet Nature Avocado Gentle 2-Phase për femra 140ml,Foleja,8.5,Other
Lëng për heqjen e grimit për sy Ziaja për femra 120ml,Foleja,8.5,Other
"Peceta të lagura për pastrim Masmi për femra, 20 copë",Foleja,8.5,Other
Krem Pudër Catrice Stick Soft Glam Filter 030 Medi,Foleja,5.19,Other
"Krem pudër Dior Forever Skin Glow 9N,SPF 35, 30 ml",Foleja,4500,Other
"Shampo per flokë Alter Ego, ScalpEgo, 300 ml",Foleja,10.29,Other
"Shampo për flokë Inebrya Blond Esse Miracle, 1000 ml",Foleja,9.9,Other
"Shampo për flokë Inebrya Ice Cream Liss Pro, 300 ml",Foleja,5.97,Other
"Shampo për flokë OGX Lavender, 385 ml",Foleja,7.11,Other
"Shampo për volum Alter Ego, 300 ml",Foleja,8.29,Other
Shampon për femra Farmona Laminating me esencë amberi 300ml,Foleja,9.5,Other
"Blush i lëngshëm Maybelline, 08 Shades On, 4.7 ml",Foleja,12,Other
"Blush i lëngshëm për faqe Wibo Pink Drink Liquid Face Rose 4 për femra, 15ml",Foleja,9.5,Other
"Blush për femra Topface Instyle Blush On 011, 10g",Foleja,8.5,Other
"Blush pudër për femra Wibo Blush Freak Powder Blush 01, 6g",Foleja,9.5,Other
Fill dentar Active Oral Care i dyllosur mente 100m unisex 1 copë,Foleja,8.5,Other
"Fill dentar Nordics Cornstarch me mentol, 50m",Foleja,9.5,Other
Pasta për dhëmbë Woom Family Sensitive 75ml,Foleja,9.5,Other
Pastë dhëmbësh për fëmijë Aquafresh Big Teeth Paw Patrol 50ml,Foleja,8.5,Other
Pastë dhëmbësh për fëmijë Himalaya Botanique Kids Cool Mint 80g,Foleja,8.5,Other
"Brush për art të thonjve Peggy Sage Detail 1-Stroke & Watercolour Brush, 1 copë",Foleja,6.9,Other
Llak për thonj për femra Sunone Z03 Zafira 5ml,Foleja,7.5,Other
"Top Coat për thonj Claresa Glass No Wipe Transparent Hybrid për femra, 5g",Foleja,8.6,Other
"Maskë mbrojtëse e disponueshme New Baby 3-shtreshe, madhësi universale, bezhë",Foleja,7.5,Other
Vaj esencial Natur Planet Citronella 10ml,Foleja,4.9,Other
"Vitamin B6 P-5-P, 60 tableta",Foleja,12.99,Tablet
Deodorant për femra Cuba La Vida 200ml,Foleja,8.5,Other
Deodorant për meshkuj Cuba Black 200ml,Foleja,8.5,Other
Deodorant Rexona Invisible Aqua,Foleja,3,Other
Deodorant Rexona Invisible Fresh Power,Foleja,3,Other
Deodorant Rexona Pink Blush,Foleja,3,Other
Deodorant Rexona Sexy Bouquet,Foleja,3,Other
Deodorant Rexona Shower Fresh,Foleja,3,Other
Deodorant Rexona Stay Fresh,Foleja,3,Other
"Krehër për stilim mjekre KillyS për burra, 1 copë",Foleja,7.5,Other
Ujë pas rrojës për meshkuj Cuba Red 100ml,Foleja,9.5,Other
"Shportë prej ndjesi, ngjyrë kaltër, Aberto Design, ALS-04348",Foleja,9.5,Other
"Qilim për fëmijë, shumëngjyrësh, Conceptum Hypnose, WOOKECE026, 50x80cm",Foleja,710,Other
"Mbulesë shiu për karrocë fëmijësh, Aberto Design, KALS-1505",Foleja,850,Other
"Laptop Lenovo IdeaPad 1 15ALC7, 15.6'' Full HD, AMD Ryzen 5 5500U, 8GB RAM, 256GB SSD, i hirtë",Gjirafa50,319.5,Laptop
"Laptop ASUS TUF Gaming F16 FX607VJ-RL009, 16"", Intel Core i5-210H, 16GB DDR5, 512GB SSD, NVIDIA GeForce RTX 3050, i hirtë",Gjirafa50,731.5,Laptop
"Laptop Asus TUF Gaming F16 FX608, 16"", Intel Core i5-13450HX, 16 GB RAM, 512 GB SSD, NVIDIA GeForce RTX 5060 Laptop GPU, i zi",Gjirafa50,1329.5,Laptop
"Laptop Lenovo Legion 9 18IAX10, 18"", Intel Core Ultra 9 275HX, 64GB DDR5, 2TB SSD, NVIDIA GeForce RTX 5090, i zi",Gjirafa50,5773.5,Laptop
"Laptop DELL NB Inspiron 15 3535, 15.6"", AMD Ryzen 5 7520U, 8GBRAM, 512GB M.2 PCIe NVMe SSD, AMD Radeon 610M Graphics, i zi",Gjirafa50,339.5,Laptop
"Celular Nothing Phone(3a), 6.77"", 12GB/256GB, i bardhë",Gjirafa50,419.5,Other
"Celular Samsung Galaxy A26 5G, 8GB/256GB, i zi",Gjirafa50,389.5,Smartphone
"Televizor Onvo OV75F500, 75"", LED, 4K, Smart, webOS",Gjirafa50,799,Other
"Apple TV 4K, WiFi, 64GB (2022)",Gjirafa50,187.5,TV
Mbajtëse tripod Rollei për telefon dhe aparatë fotografik,Gjirafa50,39.5,Other
"Karrige SENSE7 Spellcaster FUKU, material+lëkurë, e zezë/ bezhë",Gjirafa50,306.5,Other
LEGO Classic Creative Big Box (10698),Gjirafa50,69.5,Other
"Tavolinë elektrike SENSE7 NOJO LIGHT, 120 cm x 60 cm, kafe e hapur / bardhë",Gjirafa50,129.5,Other
"Set timon, pedale dhe ndërrues i shpejtësive Tracer PlayStation 4, Playstation 3",Gjirafa50,98.5,Gaming Console
"Kornizë elektrike për tavolinë SENSE7, e zezë",Gjirafa50,169.5,Other
"Fshesë robotike Xiaomi S20, me shtupë, e bardhë",Gjirafa50,169.5,Smartphone
"Monitor Dell Alienware AW2524HF, 24.5"", Full HD, 500Hz, i zi",Gjirafa50,399.5,Monitor
"Maus Kysona Mars SE M512, i zi",Gjirafa50,29.5,Other
"Maus wireless Logitech G305 LightSpeed (910-005282), i zi",Gjirafa50,49.5,Computer Accessories
"Kabllo rrjeti Maclean (MCTV-741), RJ-45, CAT6, 20m, e zezë",Gjirafa50,13.5,TV
"Soundbar Samsung HW-B650D/EN, 3.1CH",Gjirafa50,199,Other
"Kartelë grafike GIGABYTE GeForce RTX 5070 WINDFORCE OC SFF 12G, 12GB GDDR7",Gjirafa50,539.5,Other
"Kartelë grafike Gigabyte GeForce RTX 5070 Ti WINDFORCE, 16GB RAM",Gjirafa50,989.5,Other
"Burim energjie MSI MPG A1000G PCIE5, 1000W",Gjirafa50,169.5,Other
"Kasë Deepcool CC560 V2 / ATX, e zezë",Gjirafa50,49.5,Other
"Eau de Parfum Fragrance World Fabulous Life, 80ml",GjirafaMall,15.99,Other
Ore Citizen NJ0150-81L,GjirafaMall,314.1,Other
"Çantë krahu Guess mGU2740, e zezë",GjirafaMall,140.09,Other
"Leckë për shtupën me avull Vileda Original Microfibre UK, XXL",GjirafaMall,21.99,Other
"Tavolinë grimi moderne Heron Bis (154 x 76 x 55), Bardhë",GjirafaMall,166.99,Other
"Peshë fitnesi HMS Barbells, 30 Kg",GjirafaMall,37.99,Other
Çantë për gozhda dhe çekiç Stanley (STST1-80114),GjirafaMall,25.99,Other
"Mbajtëse për telefon Omega Universal Gravity Spider 45013, e zezë",GjirafaMall,5.49,Other
"Wax për vetura Sonax Xtreme, 250 ml",GjirafaMall,8.99,Other
"Floradix - ALEPA, 250 ml, Shurup bimor për pastrim Detox të mëlçisë",GjirafaMall,20.5,Other
ASUS Chromebook CX14 CX1405CTA Laptop | 14 Inch FHD 16:9 Display | Intel N150 | 4GB RAM | 128GB eMMC | Intel UHD | ChromeOS | QWERTZ | Quiet Blue,AmazonDE,249,Laptop
"HP Laptop with 17.3"" HD+ Display, Intel Celeron N4500120, 8GB DDR4 RAM, 256GB SSD, Intel UHD Graphics, Windows 11, QWERTZ Keyboard, Black",AmazonDE,369,Laptop
"HP Laptop, 15.6 Inch FHD Display, Intel N100, 4 GB DDR4 RAM, 128 GB UFS, Intel UHD Graphics, Windows 11 Home in S Mode, QWERTZ Keyboard, Natural Silver",AmazonDE,279,Laptop
"Acer Nitro V 16S AI (ANV16S-41-R2K2) Gaming Laptop, 16 Inch WQXGA IPS 180Hz Display, AMD Ryzen 7 260, 16 GB RAM, 1 TB GB SSD, NVIDIA GeForce RTX 5060, Windows 11, QWERTZ Keyboard, Black",AmazonDE,1448,Laptop
"Acer Chromebook 314 (CBOA314-1H-C32M) Laptop, 14 Inch FHD Display, Intel Celeron N4500, 4 GB RAM, 128 GB SSD, Intel UHD Graphics, Google ChromeOS, QWERTY Keyboard, Black",AmazonDE,179.5,Laptop
"HP Laptop with 17.3"" FHD Display, AMD Ryzen 7 7730U, 16GB DDR4 RAM, 512GB SSD, AMD Radeon Graphics, Windows 11, QWERTZ, Black with 25GB Dropbox Memory for 12 Months",AmazonDE,579,Laptop
Lenovo ThinkPad T14 Gen 1 14 Inch 1920 x 1080 Full HD Intel Core i5 10310U 256GB SSD Hard Drive 16GB Memory Windows 11 Pro Webcam Notebook Laptop (Refurbished),AmazonDE,299,Laptop
Dell Business Laptop Notebook Latitude 5310 2-in-1 i5-10210u 8GB 256GB SSD 1920x1280 Touchscreen Windows 11 (Refurbished),AmazonDE,277,Laptop
"Blackview Acebook 6 15.6 Inch Laptop for Business and Students, Quad Core N150 up to 3.6 GHz (Better than N95), 16GB DDR4 512GB SSD, FHD IPS Eye Protection, 100W Type-C, 4K HDMI, Bluetooth, WiFi 5",AmazonDE,369.99,Laptop
ASUS Vivobook 16 Laptop | 16 Inch WUXGA Anti-Glare IPS Display | AMD Ryzen 5 7430U | 16 GB RAM | 512 GB SSD | AMD Radeon | Windows 11 | QWERTZ Keyboard (German Layout) | Cool Silver,AmazonDE,494.85,Laptop
"jumper Laptop 17.6 Inch 100% sRGB FHD Display, 16GB RAM 512GB SSD + 128GB eMMC, N95 CPU, QWERTZ Luminous Keyboard, WiFi 6, 7000mAh, Notebook for Students and Business",AmazonDE,479.99,Laptop
"HP Laptop with 17.3"" FHD Display, AMD Ryzen 5 7520U, 8GB DDR5 RAM, 512GB SSD, AMD Radeon Graphics, Windows 11, QWERTZ, Black with 25GB Dropbox Memory for 12 Months",AmazonDE,469,Laptop
"Revolutionize Your Work with Double Laptop Screen - Plug and Play 14"" FHD 1080P IPS (macOS/Windows/Linux) - Triple Screen Monitor for Maximum Productivity",AmazonDE,399,Laptop
"Portable Monitor 15.6 Inch 1920 x 1080 FHD Portable Gaming Monitor, HDMI, Type-C, USB-C Ports, for MacBook, PC, Laptop, Raspberry Pi, Xbox, PS4, Built-in Speaker",AmazonDE,79.99,Laptop
"HP Laptop, 15.6 Inch FHD Display, Intel Core i3-N305, 8 GB DDR4 RAM, 512 GB SSD, Intel UHD Graphics, Windows 11 Home, QWERTZ Keyboard, Jet Black",AmazonDE,429,Laptop
Lenovo Laptop | 15.6 Inch FHD Display | Intel N4500 2 x 2.80 GHz | 8 GB DDR4 RAM | 256 GB SSD | Intel UHD Graphics | Windows 11 Pro - 7526,AmazonDE,277,Laptop
"Laptop 15.6 Inch 6 GB RAM 128 GB ROM Extensions 2.5 Inch 1 TB SSD, Laptop Win 11 with 2-Core CPU J4105 (up to 2.8 GHz), 1920 x 1080丨5G WiFi, BT4.2 & German Keyboard Sticker Silver",AmazonDE,212.49,Laptop
"MSI Modern 15 Lifestyle & Business Laptop, 15.6 Inch Full HD Display, AMD Ryzen 5 7430U Processor, 16GB DDR4 RAM, 512GB SSD, AMD Radeon Graphics, Windows 11 Home, Black, B7M-463",AmazonDE,469.99,Laptop
ASUS Chromebook CX14 CX1405CTA Laptop | 14 Inch FHD 16:9 Display | Intel N150 | 4GB RAM | 128GB eMMC | Intel UHD | ChromeOS | QWERTZ | Quiet Blue,AmazonDE,249,Laptop
Lenovo IdeaPad 1 Laptop | 15.6 Inch Full HD Display | AMD Ryzen 3 7320U | 8GB RAM | 512GB SSD | AMD Radeon Graphics | Windows 11 Home | Grey | QWERTZ | 3 Months Premium Care,AmazonDE,424.79,Laptop
Dell Latitude 5500 15.6 Inch 1920 x 1080 Touch Display Full HD Intel Core i5 8365U 512GB SSD Hard Drive 32GB Memory Windows 11 Pro Webcam Notebook Laptop (Refurbished),AmazonDE,449,Laptop
"Laptop 15.6 Inch (FHD IPS Display), Notebook with Fingerprint and Illuminated Keyboard, Rose Gold, 8GB RAM, 256GB SSD",AmazonDE,268.79,Laptop
"Apple MacBook Air (13 inch, Apple M4 Chip with 10-Core CPU and 10-Core GPU, 16GB Shared Memory, 512GB) - Silver",AmazonDE,1049,Laptop
"shinobee difinity Celeron Quad Core SSD (15.6 Inch FullHD) Silent Notebook (Celeron N3450 4 x 2.20 GHz, 8GB DDR4, 256GB SSD, USB 3.0, HD Graphics 500, LAN, m-HDMI, Windows 11, MS Office) #8027",AmazonDE,177,Laptop
"Lenovo (15.6 Inch Full HD Notebook (Intel N4500 2 x 2.80 GHz, 16GB DDR4, 512 GB SSD, Windows 11 Pro 64 Bit, Intel UHD, HDMI, Webcam, Bluetooth, USB 3.0, WLAN) #7250",AmazonDE,339,Laptop
"Lenovo 15.6 Inch Full HD Notebook - Intel Quad N5100 4 x 2.80 GHz, 16GB DDR4, 1000 GB SSD, Intel UHD, HDMI, Webcam, Bluetooth, USB 3.0, WiFi, Windows 11 Prof. 64 Bit - 7323",AmazonDE,399,Laptop
Fujitsu Lifebook U7410 Notebook Intel Core i5-10310U RAM 16GB SSD 512GB Display 14 Inch WiFi BT Windows 11 Pro + Libre Office (Refurbished),AmazonDE,394.74,Laptop
"HP 17-cn3263ng 17.3 Inch FHD, Core i5-1334U, 16GB RAM, 512GB SSD, Windows 11 Home, Natural Silver",AmazonDE,589,Storage
"ASUS Premium Laptop, 17.3 Inch FHD Display, Intel U300 5 x 4.40 GHz, 16 GB DDR4 RAM, 512 GB SSD, Intel UHD Graphics, Windows 11 Pro, MS Office, USB-C Charging, Keyboard Lighting, #8246",AmazonDE,477,Laptop
"Acer Aspire Go 15 (AG15-72P-5903) Laptop, 15.6"" FHD IPS Display, Intel Core 5 120U, 16GB RAM, 512GB SSD, Intel Graphics, Windows 11, QWERTZ Keyboard, Silver",AmazonDE,579.99,Laptop
"Acer Aspire 17 (A17-51M-503B) Laptop, 17 Inch FHD IPS Display, Intel Core i5-1334U, 16 GB RAM, 512 GB SSD, Intel Iris Xe Graphics, Windows 11, QWERTZ Keyboard, Grey",AmazonDE,629.99,Laptop
ASUS Chromebook Plus CX14 CX1405CTA Laptop | 14 Inch FHD 16:9 IPS Display | Intel Core 3-N355 | 8GB RAM | 128GB eMMC | Intel UHD | ChromeOS | QWERTZ | Rock Grey,AmazonDE,349,Laptop
"15.6 Inch Full HD Laptop, 32GB DDR4 RAM 1TB SSD, Quad-Core N95 Up to 3.4GHz with Fingerprint Unlock Notebook, Cooling Fan, Webcam, Dual Speakers, Mini HDMI, Student/Business Laptop - Pink",AmazonDE,335,Laptop
"jumper Laptop, 16 Inch IPS FHD Touchscreen Laptop, 16 GB DDR5 640 GB Storage, Quad-Core N95 (up to 3.4 GHz), 1 Year Office 365, QWERTZ Keyboard with Backlight, Fingerprint Reader, WiFi 6, BT5.2",AmazonDE,499.99,Laptop
"Acer Aspire 17 (A17-51M-73JJ) Laptop, 17 Inch FHD IPS Display, Intel Core 7 150U, 16 GB RAM, 1 TB SSD, Intel Graphics, Windows 11, QWERTZ Keyboard, Grey",AmazonDE,799.99,Laptop
"Dell 15 Laptop DC15250 15.6 Inch FHD (1920 x 1080) 120Hz, Intel Core i5-1335U, Intel UHD Graphics, 16GB DDR4 RAM, 512GB SSD, Windows 11 Home, QWERTY Keyboard - Black",AmazonDE,562.87,Laptop
HP OmniBook 3 Next Gen AI PC 15-fn0523ng | Copilot+ PC | 15.6 Inch FHD Display (1920 x 1080) | AMD Ryzen AI 5 330 (50 NPU Tops) | 16GB RAM | 512GB SSD | QWERTZ Keyboard | Windows 11 Home | Silver Silver,AmazonDE,629,Monitor
"acer Aspire 16 AI (A16-52M-52PX) AI Laptop, Copilot+ PC, 16 Inch WUXGA+ OLED 120Hz Display, Intel Core Ultra 5 226V, 16GB RAM, 1TB SSD, Intel Arc Graphics 130V, Windows 11, QWERTZ Keyboard, Grey",AmazonDE,929.99,Laptop
BMAX Laptop 15.6 Inch 16GB RAM 512GB SSD Laptop Quad Core N95,AmazonDE,299.99,Laptop
Dell Latitude 5410 14 Inch 1920 x 1080 Full HD Intel Core i5 10310U 256GB SSD Hard Drive 8GB Memory Windows 11 Pro Fingerprint Keyboard Lighting Notebook Laptop (Refurbished),AmazonDE,249,Laptop
"Laptop with 3 Screens, 16"" Main Display + 2x10.5"", i7-12700H, 32GB RAM, 2TB SSD, Win 11 Pro, Wi-Fi 5, BT 5.0, Face/Fingerprint, German QWERTZ Layout, USB-C, HDMI",AmazonDE,1199,Laptop
"Morostron 14.1"" Dual Screen Laptop with FHD Touch Screen, 12th Gen N150 Processor, 16GB RAM + 1TB SSD, 2-in-1 Lightweight Design",AmazonDE,739.99,Laptop
"Acer Aspire Go 15 (AG15-42P-R5ZD) Laptop, 15.6"" FHD IPS Display, AMD Ryzen 7 5825U, 32GB RAM, 1TB SSD, AMD Radeon Graphics, Windows 11, QWERTZ Keyboard, Silver",AmazonDE,649.99,Laptop
"ACEMAGIC 16"" FHD Display Laptop, Quad Core N-95 Processor up to 3.4GHz (Beat N5095), 16GB DDR4, 512GB SSD, Notebook Computer with Metal Case, Support WiFi, BT5.0, 3*USB3.2",AmazonDE,299.99,Laptop
"HP (15.6 Inch FullHD Notebook Intel 13th Gen N100, Quad Core, 3.40 GHz, 16 GB DDR4, 512 GB SSD, Intel UHD, HDMI, Webcam, Bluetooth, USB 3.0, WiFi, Windows 11 Prof. 64 Bit - Laptop | 7977",AmazonDE,349,Laptop
acer Nitro V15 (ANV15-52-70MY) Gaming Laptop | FHD IPS 165Hz Display | Intel Core i7-13620H | 16 GB RAM | 1 TB SSD | NVIDIA GeForce RTX 5060 | Windows 11 | QWERTZ Keyboard,AmazonDE,1104,Laptop
ASUS Vivobook 18 M1807HA Laptop | 18 Inch WUXGA 16:10 IPS Display | AMD Ryzen 7 260 | 16GB RAM | 1TB SSD | AMD Radeon 780M | Win11 Home | QWERTZ | Quiet Blue,AmazonDE,889,Laptop
"HP 1 15s-fq3215ng 15.6 Inch 1920 x 1080 Pixels, Intel Celeron N4500, 4GB, 128GB SSD, Windows 11 Home in S Mode",AmazonDE,282.4,Smartphone
"HP High-End i5 Laptop (15.6 Inch Full HD), Intel Core i5-1334U, 10 Cores, 4.6 GHz, 16 GB DDR4, 512 GB SSD, Intel Iris Xe, HDMI, BT, USB 3.0, WiFi, Windows 11 Prof, MS Office Laptop - #8300",AmazonDE,499,Laptop
"Acer Chromebook Plus 515 (CB515-2H-EU5) Laptop, Google ChromeOS Core, 15.6"" FHD IPS Display, Intel Core i3-1215U, 8GB RAM, 128GB SSD, Intel UHD Graphics, Grey",AmazonDE,421.52,Laptop
"Lenovo Laptop 15.6 Inch Full HD - Intel Quad N5100 4x2.80 GHz, 16GB DDR4, 512GB SSD, Intel UHD, HDMI, Webcam, Bluetooth, USB 3.0, WiFi, Windows 11 Prof. 64 Bit Notebook - 7606",AmazonDE,377,Laptop
"Dell 15 Laptop DC15250 15.6 Inch FHD (1920 x 1080) 120Hz, Intel Core i5-1335U, Intel UHD Graphics, 16GB DDR4 RAM, 512GB SSD, Windows 11 Home, QWERTY Keyboard - Black",AmazonDE,562.87,Laptop
"ACEMAGIC Laptop Computer 16 Inch - Quad-Core Alder Lake N-95 Processor up to 3.4GHz (Beat N5095) Notebook Computer, 16GB RAM DDR4 512GB SSD PC Laptops with FHD Display, 2.4G/5G WiFi, BT5.0, HDMI",AmazonDE,380.1,Laptop
"Amita 16 Inch Touchscreen Laptop | i3-8109U (up to 3.6GHz), 16GB RAM, 1TB SSD, RGB Backlit Keyboard, Face & Fingerprint Login, 180° Hinge (1TB SSD)",AmazonDE,439,Laptop
"Lenovo ThinkPad L380 Business Laptop, 13.3 Inch Notebook, Intel Core i5-8250U, 16GB RAM, 256GB SSD, Japanese Keyboard, Windows 11 Pro (Refurbished)",AmazonDE,229,Laptop
HP Business Laptop Notebook ProBook X360 11 Fortis G9 Pentium N6000 8GB 256B SSD 1366x768 Touchscreen Windows 11 (White) QWERTZ (Refurbished),AmazonDE,199.9,Laptop
Televizor GOGEN GOGTVF32P559T,Foleja,20998,TV
"Celular Samsung Galaxy S24 FE, 6.7"", 8+128GB, hiri",Foleja,61000,Smartphone
"Ngjyrë për flokë GARNIER Color Naturals, 7 Blond",Foleja,300,Other
"Eau de Parfum Fragrance World Valentia Rome Intense, 100ml",GjirafaMall,15.99,Other
ASUS Chromebook CX14 CX1405CTA Laptop | 14 Inch FHD 16:9 Display | Intel N150 | 4GB RAM | 128GB eMMC | Intel UHD | ChromeOS | QWERTZ | Quiet Blue,AmazonDE,24900,Laptop
"Laptop 15.6 inch, 32GB DDR4 1TB SSD, Dual-Core 3050E (up to 2.80 GHz), Notebook with Fingerprint Sensor, Illuminated Keyboard, Double Speaker, HDMI, Laptop for Students and Office",AmazonDE,42500,Laptop
"HP Laptop with 17.3"" HD+ Display, Intel Celeron N4500120, 8GB DDR4 RAM, 256GB SSD, Intel UHD Graphics, Windows 11, QWERTZ Keyboard, Black",AmazonDE,36900,Laptop
"HP Laptop, 15.6 Inch FHD Display, Intel N100, 4 GB DDR4 RAM, 128 GB UFS, Intel UHD Graphics, Windows 11 Home in S Mode, QWERTZ Keyboard, Natural Silver",AmazonDE,27900,Laptop
"HP Laptop with 17.3"" FHD Display, AMD Ryzen 7 7730U, 16GB DDR4 RAM, 512GB SSD, AMD Radeon Graphics, Windows 11, QWERTZ, Black with 25GB Dropbox Memory for 12 Months",AmazonDE,57900,Laptop
"Acer Chromebook 314 (CBOA314-1H-C32M) Laptop, 14 Inch FHD Display, Intel Celeron N4500, 4 GB RAM, 128 GB SSD, Intel UHD Graphics, Google ChromeOS, QWERTY Keyboard, Black",AmazonDE,17950,Laptop
ASUS Vivobook 16 Laptop | 16 Inch WUXGA Anti-Glare IPS Display | AMD Ryzen 5 7430U | 16 GB RAM | 512 GB SSD | AMD Radeon | Windows 11 | QWERTZ Keyboard (German Layout) | Cool Silver,AmazonDE,49485,Laptop
Lenovo ThinkPad T14 Gen 1 14 Inch 1920 x 1080 Full HD Intel Core i5 10310U 256GB SSD Hard Drive 16GB Memory Windows 11 Pro Webcam Notebook Laptop (Refurbished),AmazonDE,29900,Laptop
"jumper Laptop 17.6 Inch 100% sRGB FHD Display, 16GB RAM 512GB SSD + 128GB eMMC, N95 CPU, QWERTZ Luminous Keyboard, WiFi 6, 7000mAh, Notebook for Students and Business",AmazonDE,47999,Laptop
"Lenovo ThinkPad L13 Yoga Gen 1, 2-in-1 Touchscreen Laptop, 13.3 Inch FHD, Intel Core i5-10310U, 16GB RAM, 512GB SSD, Stylus Pen, French Keyboard, Windows 11 Pro (Refurbished)",AmazonDE,37900,Laptop
"HP Laptop with 17.3"" FHD Display, AMD Ryzen 5 7520U, 8GB DDR5 RAM, 512GB SSD, AMD Radeon Graphics, Windows 11, QWERTZ, Black with 25GB Dropbox Memory for 12 Months",AmazonDE,46900,Laptop
"HP Laptop, 15.6 Inch FHD Display, Intel Core i3-N305, 8 GB DDR4 RAM, 512 GB SSD, Intel UHD Graphics, Windows 11 Home, QWERTZ Keyboard, Jet Black",AmazonDE,42900,Laptop
"Revolutionize Your Work with Double Laptop Screen - Plug and Play 14"" FHD 1080P IPS (macOS/Windows/Linux) - Triple Screen Monitor for Maximum Productivity",AmazonDE,39900,Laptop
"Touch Screen Monitor, FHD 1920×1080 IPS Laptop Touch Monitor Compatible with Laptops PC (Inch, 10.1)",AmazonDE,10999,Laptop
"MSI Modern 15 Lifestyle & Business Laptop, 15.6 Inch Full HD Display, AMD Ryzen 5 7430U Processor, 16GB DDR4 RAM, 512GB SSD, AMD Radeon Graphics, Windows 11 Home, Black, B7M-463",AmazonDE,46999,Laptop
"Laptop 15.6 Inch 6 GB RAM 128 GB ROM Extensions 2.5 Inch 1 TB SSD, Laptop Win 11 with 2-Core CPU J4105 (up to 2.8 GHz), 1920 x 1080丨5G WiFi, BT4.2 & German Keyboard Sticker Silver",AmazonDE,21249,Laptop
Lenovo Laptop | 15.6 Inch FHD Display | Intel N4500 2 x 2.80 GHz | 8 GB DDR4 RAM | 256 GB SSD | Intel UHD Graphics | Windows 11 Pro - 7526,AmazonDE,27700,Laptop
ASUS Chromebook CX14 CX1405CTA Laptop | 14 Inch FHD 16:9 Display | Intel N150 | 4GB RAM | 128GB eMMC | Intel UHD | ChromeOS | QWERTZ | Quiet Blue,AmazonDE,24900,Laptop
"jumper Laptop, 16 Inch IPS FHD Touchscreen Laptop, 16 GB DDR5 640 GB Storage, Quad-Core N95 (up to 3.4 GHz), 1 Year Office 365, QWERTZ Keyboard with Backlight, Fingerprint Reader, WiFi 6, BT5.2",AmazonDE,49999,Laptop
"Lenovo 15.6 Inch Full HD Notebook - Intel Quad N5100 4 x 2.80 GHz, 16GB DDR4, 1000 GB SSD, Intel UHD, HDMI, Webcam, Bluetooth, USB 3.0, WiFi, Windows 11 Prof. 64 Bit - 7323",AmazonDE,39900,Laptop
ASUS Chromebook Plus CX14 CX1405CTA Laptop | 14 Inch FHD 16:9 IPS Display | Intel Core 3-N355 | 8GB RAM | 128GB eMMC | Intel UHD | ChromeOS | QWERTZ | Rock Grey,AmazonDE,34900,Laptop
HP EliteBook 840 G7 Laptop | 14 Inch | 1920 x 1080 | Intel Core i5-10310U | 16GB DDR4 RAM | 256GB NVMe | DE-QWERTZ | Windows 11 Pro | 1 Year Warranty | (Refurbished),AmazonDE,38300,Laptop
"Acer Aspire Go 15 (AG15-72P-5903) Laptop, 15.6"" FHD IPS Display, Intel Core 5 120U, 16GB RAM, 512GB SSD, Intel Graphics, Windows 11, QWERTZ Keyboard, Silver",AmazonDE,57999,Laptop
"Acer Aspire Go 15 (AG15-42P-R5ZD) Laptop, 15.6"" FHD IPS Display, AMD Ryzen 7 5825U, 32GB RAM, 1TB SSD, AMD Radeon Graphics, Windows 11, QWERTZ Keyboard, Silver",AmazonDE,64999,Laptop
"shinobee difinity Celeron Quad Core SSD (15.6 Inch FullHD) Silent Notebook (Celeron N3450 4 x 2.20 GHz, 8GB DDR4, 256GB SSD, USB 3.0, HD Graphics 500, LAN, m-HDMI, Windows 11, MS Office) #8027",AmazonDE,17700,Laptop
"Acer Chromebook Plus 515 (CB515-2H-EU5) Laptop, Google ChromeOS Core, 15.6"" FHD IPS Display, Intel Core i3-1215U, 8GB RAM, 128GB SSD, Intel UHD Graphics, Grey",AmazonDE,42152,Laptop
"Acer Aspire 17 (A17-51M-503B) Laptop, 17 Inch FHD IPS Display, Intel Core i5-1334U, 16 GB RAM, 512 GB SSD, Intel Iris Xe Graphics, Windows 11, QWERTZ Keyboard, Grey",AmazonDE,62999,Laptop
"Lenovo (15.6 Inch Full HD Notebook (Intel N4500 2 x 2.80 GHz, 16GB DDR4, 512 GB SSD, Windows 11 Pro 64 Bit, Intel UHD, HDMI, Webcam, Bluetooth, USB 3.0, WLAN) #7250",AmazonDE,33900,Laptop
"Acer Aspire 17 (A17-51M-73JJ) Laptop, 17 Inch FHD IPS Display, Intel Core 7 150U, 16 GB RAM, 1 TB SSD, Intel Graphics, Windows 11, QWERTZ Keyboard, Grey",AmazonDE,79999,Laptop
"Blackview Acebook 6 15.6 Inch Laptop for Business and Students, Quad Core N150 up to 3.6 GHz (Better than N95), 16GB DDR4 512GB SSD, FHD IPS Eye Protection, 100W Type-C, 4K HDMI, Bluetooth, WiFi 5",AmazonDE,36999,Laptop
Dell Latitude 5500 15.6 Inch 1920 x 1080 Touch Display Full HD Intel Core i5 8365U 512GB SSD Hard Drive 32GB Memory Windows 11 Pro Webcam Notebook Laptop (Refurbished),AmazonDE,44900,Laptop
ASUS Vivobook 18 M1807HA Laptop | 18 Inch WUXGA 16:10 IPS Display | AMD Ryzen 7 260 | 16GB RAM | 1TB SSD | AMD Radeon 780M | Win11 Home | QWERTZ | Quiet Blue,AmazonDE,88900,Laptop
HP OmniBook 3 Next Gen AI PC 15-fn0523ng | Copilot+ PC | 15.6 Inch FHD Display (1920 x 1080) | AMD Ryzen AI 5 330 (50 NPU Tops) | 16GB RAM | 512GB SSD | QWERTZ Keyboard | Windows 11 Home | Silver Silver,AmazonDE,62900,Monitor
"acer Aspire 16 AI (A16-52M-52PX) AI Laptop, Copilot+ PC, 16 Inch WUXGA+ OLED 120Hz Display, Intel Core Ultra 5 226V, 16GB RAM, 1TB SSD, Intel Arc Graphics 130V, Windows 11, QWERTZ Keyboard, Grey",AmazonDE,92999,Laptop
"Samsung Galaxy Book4 Edge AI Laptop, Notebook, 15.6 Inch LCD, Full HD, Snapdragon X Processor (X26), 16GB RAM, 512GB Memory, Copilot+ PC, Sapphire Blue",AmazonDE,82000,Smartphone
"ASUS Premium Laptop, 17.3 Inch FHD Display, Intel U300 5 x 4.40 GHz, 16 GB DDR4 RAM, 512 GB SSD, Intel UHD Graphics, Windows 11 Pro, MS Office, USB-C Charging, Keyboard Lighting, #8246",AmazonDE,47700,Laptop
"HP High-End i5 Laptop (15.6 Inch Full HD), Intel Core i5-1334U, 10 Cores, 4.6 GHz, 16 GB DDR4, 512 GB SSD, Intel Iris Xe, HDMI, BT, USB 3.0, WiFi, Windows 11 Prof, MS Office Laptop - #8300",AmazonDE,49900,Laptop
"Portable Monitor 15.6 Inch 1920 x 1080 FHD Portable Gaming Monitor, HDMI, Type-C, USB-C Ports, for MacBook, PC, Laptop, Raspberry Pi, Xbox, PS4, Built-in Speaker",AmazonDE,7999,Laptop
"Laptop 14 Inch 2K Display (2560 x 1440), Quad-Core N5105 up to 2.9GHz, 8GB DDR4 RAM 512GB SSD, 6000mAh Battery, Business Notebook with Fingerprint Sensor, Memory Expandable up to 8TB",AmazonDE,31500,Laptop
"Dell 15 Laptop DC15250 15.6 Inch FHD (1920 x 1080) 120Hz, Intel Core i5-1335U, Intel UHD Graphics, 16GB DDR4 RAM, 512GB SSD, Windows 11 Home, QWERTY Keyboard - Black",AmazonDE,56173,Laptop
"HP 1 15s-fq3215ng 15.6 Inch 1920 x 1080 Pixels, Intel Celeron N4500, 4GB, 128GB SSD, Windows 11 Home in S Mode",AmazonDE,28240,Smartphone
Fujitsu Lifebook U7410 Notebook Intel Core i5-10310U RAM 16GB SSD 512GB Display 14 Inch WiFi BT Windows 11 Pro + Libre Office (Refurbished),AmazonDE,39474,Laptop
"Lenovo Laptop 15.6 Inch Full HD - Intel Quad N5100 4x2.80 GHz, 16GB DDR4, 512GB SSD, Intel UHD, HDMI, Webcam, Bluetooth, USB 3.0, WiFi, Windows 11 Prof. 64 Bit Notebook - 7606",AmazonDE,37700,Laptop
"Acer Aspire Go 16 (AG16-71P-52ML) Laptop, 16 Inch WUXGA IPS 120Hz Display, Intel Core 5 120U, 16 GB RAM, 1 TB SSD, Intel Graphics, Windows 11, QWERTZ Keyboard, Silver",AmazonDE,62999,Laptop
"ACEMAGIC Laptop Computer 16 Inch - Quad-Core Alder Lake N-95 Processor up to 3.4GHz (Beat N5095) Notebook Computer, 16GB RAM DDR4 512GB SSD PC Laptops with FHD Display, 2.4G/5G WiFi, BT5.0, HDMI",AmazonDE,38010,Laptop
"2025 Latest 15.6 Inch FHD Laptop, 16 GB RAM, 512 GB SSD, Celeron 5205U Processor, QWERTY Keyboard with Backlight, Fingerprint Reader, WiFi, HDMI, Notebook Computer for Business and Students",AmazonDE,33999,Laptop
"HP (15.6 Inch FullHD Notebook Intel 13th Gen N100, Quad Core, 3.40 GHz, 16 GB DDR4, 512 GB SSD, Intel UHD, HDMI, Webcam, Bluetooth, USB 3.0, WiFi, Windows 11 Prof. 64 Bit - Laptop | 7977",AmazonDE,34900,Laptop
BMAX Laptop 15.6 Inch 16GB RAM 512GB SSD Laptop Quad Core N95,AmazonDE,29999,Laptop
"HP ProBook 450 G7 Business Laptop, 15.6 Inch (1366 x 768), Intel Core i5-10210U, 16GB RAM, 256GB SSD, QWERTY Keyboard, Windows 11 Pro (Refurbished)",AmazonDE,32900,Laptop
HP OmniBook X Flip Intel Core Ultra 5-226V 2-in-1 Next Gen AI Laptop | Dedicated NPU for AI | 40 NPU Tops | Copilot+ PC | 14 Inch WUXGA 1920x1200 Touchscreen | 16GB | 512GB SSD | Win11 | QWERTZ | Silver,AmazonDE,99900,Laptop
"Morostron 14.1"" Dual Screen Laptop with FHD Touch Screen, 12th Gen N150 Processor, 16GB RAM + 1TB SSD, 2-in-1 Lightweight Design",AmazonDE,73999,Laptop
"MEDION - E14223 (MD62560) Laptop 14"" - Intel Celeron N4120, 4GB RAM, 128GB SSD, Intel HD Graphics, Windows 11 Home S Mode 64 Bit",AmazonDE,22990,Laptop
"Lenovo 15.6 Inch Full HD Notebook - Intel N4500 2 x 2.80 GHz, 8GB DDR4, 512 GB SSD, Intel UHD, HDMI, Webcam, Bluetooth, USB 3.0, WLAN, Windows 11 Prof. 64 Bit Laptop -7003",AmazonDE,29900,Laptop
"Laptop 15.6 Inch (FHD IPS Display), Notebook with Fingerprint and Illuminated Keyboard, Rose Gold, 8GB RAM, 256GB SSD",AmazonDE,26879,Laptop
"Laptop ASUS ROG Strix G16 G614, 16"", AMD Ryzen 9 8940HX, 16GB RAM, 1TB SSD, NVIDIA GeForce RTX 5070 Ti, i hirtë errët",Gjirafa50,1949.5,Laptop
"Laptop Lenovo IdeaPad Slim 3 15ARP10, 15.3"", AMD Ryzen 7 7735HS, 8GB RAM, 512GB SSD, AMD Radeon 680M, i hirtë",Gjirafa50,449.5,Laptop
"Laptop Lenovo Yoga Pro 7 14AKP10, AMD Ryzen AI 7 350, 14.5"", 32GB RAM, 1TB SSD, AMD Radeon 860M, i kaltër",Gjirafa50,1029.5,Laptop
"Mbrojtëse celulari Spigen Ultra Hybrid Magsafe për iPhone 17 Pro Max, transparente/bardhë",Gjirafa50,34.5,Smartphone
7in1 Smartphone Lens,Gjirafa50,20,Smartphone
Insta360 Snow Bundle,Gjirafa50,75,Other
"Karrige SENSE7 Spellcaster, e zezë",Gjirafa50,119.5,Other
"Pastrues ajri Xiaomi Smart 4 Lite 2 m2 61 dB, 33 W, i bardhë",Gjirafa50,175.5,Smartphone
"Burim energjie MSI MAG A850GL, PCIE5 II, 850W (306-7ZP8D11-CE0)",Gjirafa50,109.5,Other
"Ftohës PREYON Eagle Eye, 120mm, PWM ARGB",Gjirafa50,9.5,Other
"Memorie Kingston Fury Renegade RGB, DDR4, 32 GB, 3600 MHz, CL16, KF436C16RB12AK2/32",Gjirafa50,342.5,Other
"Memorie operative Kingston HyperX Impact, 1x8GB DDR4, 2666 MHz",Gjirafa50,45.5,Other
"Memorie Kingston Fury Beast RGB, DDR4, 8 GB, 3200 MHz, CL16, KF432C16BB2A/8",Gjirafa50,136.5,Other
HP EliteBook 840 G7 Laptop | 14 Inch | 1920 x 1080 | Intel Core i5-10310U | 16GB DDR4 RAM | 256GB NVMe | DE-QWERTZ | Windows 11 Pro | 1 Year Warranty | (Refurbished),AmazonDE,36200,Laptop
"Microsoft Surface Laptop 3 15"" WQHD Touchscreen 2496x1664 pixels Ryzen 5 16GB RAM 256GB Black Windows 11 Home AMD Radeon RX Vega 11",AmazonDE,44006,Smartphone
Microsoft Surface Laptop 3 15 Inch AMD Ryzen 7 3780U 16GB RAM 512GB SSD,AmazonDE,55261,Laptop
HP 250 - Silver (G10) - 15.6 Inch FHD - Core i7 1355U - RAM: 16GB - SSD: 1000GB - Windows 11 Pro # with Wireless Mouse + Notebook Bag,AmazonDE,75868,Laptop
"Lenovo ThinkBook 14 AMD G7 ARP AMD Ryzen 5 7535HS notebook 35.56 cm (14"")",AmazonDE,71683,Laptop
Microsoft Surface Laptop Go 2 i5/4/128 cm SC German Austria/Germany Commercial Platinum Windows 11,AmazonDE,32140,Laptop
Lenovo Notebook ThinkPad E16 G3 (21SR000KGE),AmazonDE,97020,Laptop
"ASUS Vivobook 14 Inch FHD Laptop, Intel Core i5-1334U, 16GB RAM 512GB SSD, NumberPad, Long Battery Life, Private Webcam, PDG HDMI Cable, US Version KB, Windows 11 Pro, Quiet Blue",AmazonDE,57499,Laptop
"Microsoft Surface Laptop 5, 13.5 Inch (i5/16GB/256GB, Windows 11 Pro) Black DE, for Business",AmazonDE,71731,Laptop
"Microsoft Surface Laptop 4, 15 Inch Laptop (Ryzen 7se, 8GB RAM, 512GB SSD, Win 10 Home) Platinum",AmazonDE,67903,Laptop
"HP HPP 17-cn3158ng 17.3 Inch FHD IPS, Intel Core i5-1334U, 16GB RAM, 512GB SSD, Windows 11",AmazonDE,64155,Storage
"Samsung Galaxy Book4 Edge AI Laptop, Notebook, 15.6 Inch LCD, Full HD, Snapdragon X Processor (X26), 16GB RAM, 512GB Memory, Copilot+ PC, Sapphire Blue",AmazonDE,82000,Smartphone
ASUS Chromebook CX14 CX1405CTA Laptop | 14 Inch FHD 16:9 Display | Intel N150 | 4GB RAM | 128GB eMMC | Intel UHD | ChromeOS | QWERTZ | Quiet Blue,AmazonDE,24900,Laptop
"HP Laptop with 17.3"" HD+ Display, Intel Celeron N4500120, 8GB DDR4 RAM, 256GB SSD, Intel UHD Graphics, Windows 11, QWERTZ Keyboard, Black",AmazonDE,36900,Laptop
"HP Laptop, 15.6 Inch FHD Display, Intel N100, 4 GB DDR4 RAM, 128 GB UFS, Intel UHD Graphics, Windows 11 Home in S Mode, QWERTZ Keyboard, Natural Silver",AmazonDE,27900,Laptop
"HP Laptop with 17.3"" FHD Display, AMD Ryzen 7 7730U, 16GB DDR4 RAM, 512GB SSD, AMD Radeon Graphics, Windows 11, QWERTZ, Black with 25GB Dropbox Memory for 12 Months",AmazonDE,57900,Laptop
"Acer Chromebook 314 (CBOA314-1H-C32M) Laptop, 14 Inch FHD Display, Intel Celeron N4500, 4 GB RAM, 128 GB SSD, Intel UHD Graphics, Google ChromeOS, QWERTY Keyboard, Black",AmazonDE,17950,Laptop
ASUS Vivobook 16 Laptop | 16 Inch WUXGA Anti-Glare IPS Display | AMD Ryzen 5 7430U | 16 GB RAM | 512 GB SSD | AMD Radeon | Windows 11 | QWERTZ Keyboard (German Layout) | Cool Silver,AmazonDE,49485,Laptop
"Revolutionize Your Work with Double Laptop Screen - Plug and Play 14"" FHD 1080P IPS (macOS/Windows/Linux) - Triple Screen Monitor for Maximum Productivity",AmazonDE,39900,Laptop
Lenovo ThinkPad T14 Gen 1 14 Inch 1920 x 1080 Full HD Intel Core i5 10310U 256GB SSD Hard Drive 16GB Memory Windows 11 Pro Webcam Notebook Laptop (Refurbished),AmazonDE,29900,Laptop
"jumper Laptop 17.6 Inch 100% sRGB FHD Display, 16GB RAM 512GB SSD + 128GB eMMC, N95 CPU, QWERTZ Luminous Keyboard, WiFi 6, 7000mAh, Notebook for Students and Business",AmazonDE,47999,Laptop
Dell Latitude 5320 13.3 Inch Full HD Intel Core i7-1185G7 256GB SSD Hard Drive 16GB Memory Microsoft Windows 11 Pro Cam Notebook Laptop (Refurbished),AmazonDE,51900,Laptop
"HP Laptop, 15.6 Inch FHD Display, Intel Core i3-N305, 8 GB DDR4 RAM, 512 GB SSD, Intel UHD Graphics, Windows 11 Home, QWERTZ Keyboard, Jet Black",AmazonDE,42900,Laptop
"HP Laptop with 17.3"" FHD Display, AMD Ryzen 5 7520U, 8GB DDR5 RAM, 512GB SSD, AMD Radeon Graphics, Windows 11, QWERTZ, Black with 25GB Dropbox Memory for 12 Months",AmazonDE,46900,Laptop
"SOPPY Privacy Filter 360° Privacy Screen Protector for 14 Inch Laptop, Privacy Screen Filter, Laptop Screen Filter with Privacy Screen, Anti-Blue Light, Anti-Glare Protection, 310 x 174 mm (16:9)",AmazonDE,1784,Laptop
"Acer Chromebook Plus 515 (CB515-2H-EU5) Laptop, Google ChromeOS Core, 15.6"" FHD IPS Display, Intel Core i3-1215U, 8GB RAM, 128GB SSD, Intel UHD Graphics, Grey",AmazonDE,42152,Laptop
"MSI Modern 15 Lifestyle & Business Laptop, 15.6 Inch Full HD Display, AMD Ryzen 5 7430U Processor, 16GB DDR4 RAM, 512GB SSD, AMD Radeon Graphics, Windows 11 Home, Black, B7M-463",AmazonDE,46999,Laptop
"Laptop 15.6 Inch 6 GB RAM 128 GB ROM Extensions 2.5 Inch 1 TB SSD, Laptop Win 11 with 2-Core CPU J4105 (up to 2.8 GHz), 1920 x 1080丨5G WiFi, BT4.2 & German Keyboard Sticker Silver",AmazonDE,21249,Laptop
Lenovo Laptop | 15.6 Inch FHD Display | Intel N4500 2 x 2.80 GHz | 8 GB DDR4 RAM | 256 GB SSD | Intel UHD Graphics | Windows 11 Pro - 7526,AmazonDE,27700,Laptop
ASUS Chromebook CX14 CX1405CTA Laptop | 14 Inch FHD 16:9 Display | Intel N150 | 4GB RAM | 128GB eMMC | Intel UHD | ChromeOS | QWERTZ | Quiet Blue,AmazonDE,24900,Laptop
"Lenovo 15.6 Inch Full HD Notebook - Intel Quad N5100 4 x 2.80 GHz, 16GB DDR4, 1000 GB SSD, Intel UHD, HDMI, Webcam, Bluetooth, USB 3.0, WiFi, Windows 11 Prof. 64 Bit - 7323",AmazonDE,39900,Laptop
ASUS Chromebook Plus CX14 CX1405CTA Laptop | 14 Inch FHD 16:9 IPS Display | Intel Core 3-N355 | 8GB RAM | 128GB eMMC | Intel UHD | ChromeOS | QWERTZ | Rock Grey,AmazonDE,34900,Laptop
Dell Latitude 5500 15.6 Inch 1920 x 1080 Touch Display Full HD Intel Core i5 8365U 512GB SSD Hard Drive 32GB Memory Windows 11 Pro Webcam Notebook Laptop (Refurbished),AmazonDE,44900,Laptop
"jumper Laptop, 16 Inch IPS FHD Touchscreen Laptop, 16 GB DDR5 640 GB Storage, Quad-Core N95 (up to 3.4 GHz), 1 Year Office 365, QWERTZ Keyboard with Backlight, Fingerprint Reader, WiFi 6, BT5.2",AmazonDE,49999,Laptop
"Acer Aspire Go 15 (AG15-72P-5903) Laptop, 15.6"" FHD IPS Display, Intel Core 5 120U, 16GB RAM, 512GB SSD, Intel Graphics, Windows 11, QWERTZ Keyboard, Silver",AmazonDE,57999,Laptop
"HP 17-cn3263ng 17.3 Inch FHD, Core i5-1334U, 16GB RAM, 512GB SSD, Windows 11 Home, Natural Silver",AmazonDE,58900,Storage
"shinobee difinity Celeron Quad Core SSD (15.6 Inch FullHD) Silent Notebook (Celeron N3450 4 x 2.20 GHz, 8GB DDR4, 256GB SSD, USB 3.0, HD Graphics 500, LAN, m-HDMI, Windows 11, MS Office) #8027",AmazonDE,17700,Laptop
"Touch Screen Monitor, FHD 1920×1080 IPS Laptop Touch Monitor Compatible with Laptops PC (Inch, 10.1)",AmazonDE,10999,Laptop
"Acer Aspire Go 15 (AG15-42P-R5ZD) Laptop, 15.6"" FHD IPS Display, AMD Ryzen 7 5825U, 32GB RAM, 1TB SSD, AMD Radeon Graphics, Windows 11, QWERTZ Keyboard, Silver",AmazonDE,64999,Laptop
"Lenovo (15.6 Inch Full HD Notebook (Intel N4500 2 x 2.80 GHz, 16GB DDR4, 512 GB SSD, Windows 11 Pro 64 Bit, Intel UHD, HDMI, Webcam, Bluetooth, USB 3.0, WLAN) #7250",AmazonDE,33900,Laptop
"Acer Aspire 17 (A17-51M-503B) Laptop, 17 Inch FHD IPS Display, Intel Core i5-1334U, 16 GB RAM, 512 GB SSD, Intel Iris Xe Graphics, Windows 11, QWERTZ Keyboard, Grey",AmazonDE,62999,Laptop
"Acer Aspire 17 (A17-51M-73JJ) Laptop, 17 Inch FHD IPS Display, Intel Core 7 150U, 16 GB RAM, 1 TB SSD, Intel Graphics, Windows 11, QWERTZ Keyboard, Grey",AmazonDE,79999,Laptop
"Blackview Acebook 6 15.6 Inch Laptop for Business and Students, Quad Core N150 up to 3.6 GHz (Better than N95), 16GB DDR4 512GB SSD, FHD IPS Eye Protection, 100W Type-C, 4K HDMI, Bluetooth, WiFi 5",AmazonDE,36999,Laptop
"Portable Monitor 15.6 Inch 1920 x 1080 FHD Portable Gaming Monitor, HDMI, Type-C, USB-C Ports, for MacBook, PC, Laptop, Raspberry Pi, Xbox, PS4, Built-in Speaker",AmazonDE,7999,Laptop
ASUS Vivobook 18 M1807HA Laptop | 18 Inch WUXGA 16:10 IPS Display | AMD Ryzen 7 260 | 16GB RAM | 1TB SSD | AMD Radeon 780M | Win11 Home | QWERTZ | Quiet Blue,AmazonDE,88900,Laptop
HP OmniBook 3 Next Gen AI PC 15-fn0523ng | Copilot+ PC | 15.6 Inch FHD Display (1920 x 1080) | AMD Ryzen AI 5 330 (50 NPU Tops) | 16GB RAM | 512GB SSD | QWERTZ Keyboard | Windows 11 Home | Silver Silver,AmazonDE,62900,Monitor
Dell Latitude 5410 14 Inch 1920 x 1080 Full HD Intel Core i5 10310U 256GB SSD Hard Drive 8GB Memory Windows 11 Pro Fingerprint Keyboard Lighting Notebook Laptop (Refurbished),AmazonDE,24900,Laptop
"acer Aspire 16 AI (A16-52M-52PX) AI Laptop, Copilot+ PC, 16 Inch WUXGA+ OLED 120Hz Display, Intel Core Ultra 5 226V, 16GB RAM, 1TB SSD, Intel Arc Graphics 130V, Windows 11, QWERTZ Keyboard, Grey",AmazonDE,92999,Laptop
"HP 1 15s-fq3215ng 15.6 Inch 1920 x 1080 Pixels, Intel Celeron N4500, 4GB, 128GB SSD, Windows 11 Home in S Mode",AmazonDE,28240,Smartphone
"HP High-End i5 Laptop (15.6 Inch Full HD), Intel Core i5-1334U, 10 Cores, 4.6 GHz, 16 GB DDR4, 512 GB SSD, Intel Iris Xe, HDMI, BT, USB 3.0, WiFi, Windows 11 Prof, MS Office Laptop - #8300",AmazonDE,49900,Laptop
"Laptop 14 Inch 2K Display (2560 x 1440), Quad-Core N5105 up to 2.9GHz, 8GB DDR4 RAM 512GB SSD, 6000mAh Battery, Business Notebook with Fingerprint Sensor, Memory Expandable up to 8TB",AmazonDE,31500,Laptop
Fujitsu Lifebook U7410 Notebook Intel Core i5-10310U RAM 16GB SSD 512GB Display 14 Inch WiFi BT Windows 11 Pro + Libre Office (Refurbished),AmazonDE,39474,Laptop
"Dell 15 Laptop DC15250 15.6 Inch FHD (1920 x 1080) 120Hz, Intel Core i5-1335U, Intel UHD Graphics, 16GB DDR4 RAM, 512GB SSD, Windows 11 Home, QWERTY Keyboard - Black",AmazonDE,56173,Laptop
"ASUS Premium Laptop, 17.3 Inch FHD Display, Intel U300 5 x 4.40 GHz, 16 GB DDR4 RAM, 512 GB SSD, Intel UHD Graphics, Windows 11 Pro, MS Office, USB-C Charging, Keyboard Lighting, #8246",AmazonDE,47700,Laptop
"Lenovo Laptop 15.6 Inch Full HD - Intel Quad N5100 4x2.80 GHz, 16GB DDR4, 512GB SSD, Intel UHD, HDMI, Webcam, Bluetooth, USB 3.0, WiFi, Windows 11 Prof. 64 Bit Notebook - 7606",AmazonDE,37700,Laptop
2025 Gaming Laptop 16 Inch Win11 12 + 512GB SSD Support 2TB (HDD-2TB) 1920 x 1200 Notebook 4-Core Celeron N5095 (up to 2.9 GHz) Laptop with Number Keyboard WiFi Mini HDMI German Keyboard Cover Red,AmazonDE,31907,Laptop
"ACEMAGIC Laptop Computer 16 Inch - Quad-Core Alder Lake N-95 Processor up to 3.4GHz (Beat N5095) Notebook Computer, 16GB RAM DDR4 512GB SSD PC Laptops with FHD Display, 2.4G/5G WiFi, BT5.0, HDMI",AmazonDE,38010,Laptop
"Acer Aspire Go 16 (AG16-71P-52ML) Laptop, 16 Inch WUXGA IPS 120Hz Display, Intel Core 5 120U, 16 GB RAM, 1 TB SSD, Intel Graphics, Windows 11, QWERTZ Keyboard, Silver",AmazonDE,62999,Laptop
"HP (15.6 Inch FullHD Notebook Intel 13th Gen N100, Quad Core, 3.40 GHz, 16 GB DDR4, 512 GB SSD, Intel UHD, HDMI, Webcam, Bluetooth, USB 3.0, WiFi, Windows 11 Prof. 64 Bit - Laptop | 7977",AmazonDE,34900,Laptop
"2025 Latest 15.6 Inch FHD Laptop, 16 GB RAM, 512 GB SSD, Celeron 5205U Processor, QWERTY Keyboard with Backlight, Fingerprint Reader, WiFi, HDMI, Notebook Computer for Business and Students",AmazonDE,33999,Laptop
"HP ProBook 450 G7 Business Laptop, 15.6 Inch (1366 x 768), Intel Core i5-10210U, 16GB RAM, 256GB SSD, QWERTY Keyboard, Windows 11 Pro (Refurbished)",AmazonDE,32900,Laptop
BMAX Laptop 15.6 Inch 16GB RAM 512GB SSD Laptop Quad Core N95,AmazonDE,29999,Laptop
HP OmniBook X Flip Intel Core Ultra 5-226V 2-in-1 Next Gen AI Laptop | Dedicated NPU for AI | 40 NPU Tops | Copilot+ PC | 14 Inch WUXGA 1920x1200 Touchscreen | 16GB | 512GB SSD | Win11 | QWERTZ | Silver,AmazonDE,99900,Laptop
"Morostron 14.1"" Dual Screen Laptop with FHD Touch Screen, 12th Gen N150 Processor, 16GB RAM + 1TB SSD, 2-in-1 Lightweight Design",AmazonDE,73999,Laptop
"Lenovo 15.6 Inch Full HD Notebook - Intel N4500 2 x 2.80 GHz, 8GB DDR4, 512 GB SSD, Intel UHD, HDMI, Webcam, Bluetooth, USB 3.0, WLAN, Windows 11 Prof. 64 Bit Laptop -7003",AmazonDE,29900,Laptop
"MEDION - E14223 (MD62560) Laptop 14"" - Intel Celeron N4120, 4GB RAM, 128GB SSD, Intel HD Graphics, Windows 11 Home S Mode 64 Bit",AmazonDE,22990,Laptop
HP EliteBook 840 G7 Laptop | 14 Inch | 1920 x 1080 | Intel Core i5-10310U | 16GB DDR4 RAM | 256GB NVMe | DE-QWERTZ | Windows 11 Pro | 1 Year Warranty | (Refurbished),AmazonDE,38300,Laptop
"Gotë qelqi Hermia, ngjyrë e gjelbër, BRD0134",Foleja,29,Other
"Tabaka druri Hermia, 12.5 x 27 cm",Foleja,6.5,Other
"Set darke (18 cope), Hermia, MOD18Y4B730955",Foleja,109,Other
"Set enësh për drekë (18 copë), Hermia Laura18",Foleja,95,Other
"Set pjatash ëmbëlsirash (7 copë), Hermia, Goblen - ngjyrë rozë",Foleja,49,Other
"Set darke (18 pjesë), Hermia, MOD18Y445R520",Foleja,119,Other
"Set 6 tabaka shërbyese prej çeliku inoksi, ngjyrë argjendi, Hermia Kare",Foleja,35,Other
"Set kullesash, 2 copë, ngjyrë rozë e çelët, Hermia, SPLSZG-1",Foleja,7.5,Other
"Set pjatash ëmbëlsirash (7 copë), Hermia, Goblen, ngjyrë tyrkiz",Foleja,49,Other
"Tabaka druri Hermia, NTR0044, ngjyrë druri/bezhë, 38x26x5cm",Foleja,39,Other
"Qilim për korridor, shumëngjyrësh, Conceptum Hypnose, Els1900, 100x150cm",Foleja,25,Other
"Qilim Conceptum Hypnose, shumëngjyrësh, 120x180cm, CT-3024",Foleja,25,Other
"Qilim korridori (80x300), Conceptum Hypnose, Notta 1121",Foleja,49,Other
"Qilim Conceptum Hypnose, shumëngjyrësh, 120x180cm, W1075",Foleja,29,Other
"Qilim për korridor, Hypnose Conceptum, shumëngjyrësh, 80x150cm, CT-2052",Foleja,19,Other
"Qilim multikolor Conceptum Hypnose, 120x180cm, W1019",Foleja,29,Other
"Qilim korridori, Tropic Djt, 100x300cm, shumëngjyrësh",Foleja,39,Other
"Qilim korridori Hypnose, shumëngjyrësh, 80x150cm",Foleja,19,Other
"Qilim për korridor, Hypnose Conceptum, CT-2012, 80x150cm",Foleja,19,Other
"Qilim Conceptum Hypnose, mermer i bardhë, 140 cm",Foleja,25,Other
"Divan treshe Bellino, ngjyrë e zezë dhe ari",Foleja,679,Other
"Divan treshe, ngjyrë dusty rose, Atelier del Sofa, Istiridye",Foleja,939,Other
"Puf Atelier del Sofa, ngjyrë lejla, Urla",Foleja,69,Other
"Puf Atelier del Sofa, ngjyrë e verdhë, Kozan",Foleja,209,Other
"Kënd-sofë krevati Bella, kënd majtas, krem",Foleja,499,Other
"Kënd divan-krevat Venus L, ngjyrë krem",Foleja,909,Other
"Këndare Atelier del Sofa, pëlhurë Kale, ngjyrë antracit",Foleja,969,Other
"Puf Atelier del Sofa, ngjyrë bakri e zezë, Capraz",Foleja,99,Other
"Puf Endor 7455, rozë",Foleja,169,Other
"Komodinë Hanah Home, Cross, ngjyrë antracit",Foleja,35,Other
"Sirtar Hanah Home, Vo3-Ob, ngjyrë lis dhe e zezë",Foleja,129,Other
"Komodinë moderne për dhomë gjumi, e bardhë, Hanah Home Asra",Foleja,75,Other
"Sirtar Hanah Home, Rkm-311-Dd-1, ngjyrë e bardhë diamant",Foleja,79,Other
"Komodinë natës Hanah Home, Valerin, ngjyrë Atlantic Pine dhe Antracit",Foleja,119,Other
"Komodinë moderne për dhomë gjumi, ngjyrë e bardhë, Lizbon 535",Foleja,119,Other
"Komodinë Hanah Home, e bardhë, e artë",Foleja,95,Other
"Sirtar Hanah Home, Vs3-Cga, ngjyrë kafe, gri, antracit",Foleja,179,Other
"Komodinë Hanah Home, Kale, antracit, 4921",Foleja,109,Other
"Komodinë natës Hanah Home, Elina, ngjyrë arre dhe antracit, 54x47x40cm",Foleja,109,Other
"Karrige konferencash FH1010.01 me PU të zezë 53,5x60x77cm",Foleja,31,Other
"Karrige zyre BLAZER, material rrjete gri, mbështetëse koke, krahë najloni të bardhë, 60.5x47x85.5cm",Foleja,74.5,Other
"Karrige zyre BLAZER, material rrjete rozë, krahë najloni të bardhë, FH1205.04, 60.5x47x85.5cm",Foleja,74.5,Other
"Karrige zyre BLAZER, material rrjetë blu, krahë najloni të zinj, FH1205.03, 60.5x47x85.5cm",Foleja,74.5,Other
"Karrige zyre BLAZER, material rrjete e zezë, krahë najloni të zinj, FH1205.01, 60.5x47x85.5cm",Foleja,74.5,Other
"Karrige zyre BLAZER, material rrjetë gri, kornizë najloni e zezë, FH1205.05, 60.5x47x85.5cm",Foleja,74.5,Other
"Karrige menaxheri për zyre, ngjyrë e zezë, FH1098.01, 62x80x125cm",Foleja,159.5,Other
"Karrige zyre JOSEF FH1181.08, kadife mente, bazë inox, 58x61x105-113H cm",Foleja,169,Other
"Karrige për zyre JOSEF FH1181.04, e zezë",Foleja,169,Other
"Karrige zyre FH1054.21, kornizë gri dhe e bardhë, 64x61x126 cm",Foleja,139,Other
"Tavolinë pune Hanah Home, ngjyrë pishë Atlantike",Foleja,69,Other
"Tavolinë pune për studime, Hanah Home, Trella, e bardhë",Foleja,85,Other
"Tavolinë pune për studim, ngjyrë Sapphire Oak, Hanah Home Monea",Foleja,75,Other
"Tavolinë studimi Hanah Home, Optimum, e bardhë",Foleja,75,Other
"Tavolinë pune Hanah Home, Addis, ngjyrë lisi dhe e zezë",Foleja,65,Other
"Tavolinë pune Hanah Home, Lima, ngjyrë arre, mermer i zi",Foleja,119,Other
"Tavolinë pune Viva, ngjyrë e zezë, 87x47cm",Foleja,85,Other
"Tavolinë studimi Hanah Home, Ronas 120, e bardhë",Foleja,99,Other
"Tavolinë studimi Hanah Home, e bardhë, Cms-510-Dd-1",Foleja,119,Other
"Tavolinë pune Hanah Home, mesatare, ngjyrë arre",Foleja,69,Other
"Shtrat CAPRI FH312.06 me 2 sirtarë, Sonama-bardhë, për dyshek 150x200 cm",Foleja,229,Other
"Krevat dopio me hapësirë për depo, material pelushi sintetik, ngjyrë gri, KALLY FH729.01, dyshek 160x200cm",Foleja,757,Other
Krevat INDRA FH662.12 kadife rozë për dyshek 160x200 cm,Foleja,219,Other
"Shtrat metalik, ngjyrë e zezë, për dyshek 190x90cm, FH693.01",Foleja,94,Other
Krevat Briley kadife blu mbretërore me hapësirë ruajtjeje 160x200 cm FH583.18,Foleja,379,Other
"Substrat krevat dopio RANTO, metal i zi, FH696.01, për dyshek 200x160cm",Foleja,128.7,Other
"Krevat fëmijësh Montessori me 2 sirtarë DOMER FH710.03, dru pishe, ngjyrë e bardhë, dyshek 90x190cm",Foleja,339,Other
"Shtrat ODALYS 150x200, pëlhurë kadife gri, FH549.11, 164x223x100 cm",Foleja,461,Other
"Krevat melamine ADLER për dyshek 160x200 cm, ngjyrë e bardhë, FH2432.03",Foleja,159,Other
"Krevat MELANY FH323.05 me 1 sirtar, ngjyrë e bardhë, 110x190 cm",Foleja,199,Other
"Krevat teke Hanah Home, Akser, ngjyrë Atlantic Pine dhe antracit",Foleja,289,Other
"Krevat veturë për fëmijë, Eko, ngjyrë e kuqe",Foleja,399,Other
"Krevat teke Hanah Home, Krb-090-Bb-2",Foleja,349,Other
"Krevat teke Hanah Home, Lrya Modern Country, 90x200",Foleja,649,Other
"Krevat veturë për fëmijë, Hanah Home, Eko, i bardhë",Foleja,399,Other
"Dyshek Hanah Home, njësh, i fortë, 90x190 cm",Foleja,169,Other
"Krevat teke Fuga, ngjyrë e bardhë shkëlqyese, Hanah Home",Foleja,219,Other
"Kornizë krevati teke Hanah Home, ngjyrë lis Atlantik, bezhë",Foleja,229,Other
"Kornizë shtrati teke, ngjyrë e bardhë, Hanah Home Sofia",Foleja,329,Other
"Krevat teke Hanah Home, stil modern country, bardhë dhe lis, 90x200",Foleja,649,Other
"Set tavolinë me karrige për ngrënie, i zgjatshëm, 5 pjesë, Hanah Home, Vina Atlantic Soho gri",Foleja,709,Other
"Set tavolinë me karrige për ngrënie, i zgjatshëm, Hanah Home, Santiago, ngjyrë Atlantic Pine dhe antracit, 5 copë",Foleja,529,Other
"Tavolinë me karrige Hanah Home Touch (4 copë), ngjyrë arre dhe krem",Foleja,739,Other
"Set tavoline e zgjatshme me karrige (4 copë), Hanah Home, Vina 1070, ngjyrë pishë Atlantic, jeshile",Foleja,529,Other
"Tavolinë me karrige, 5 copë, Hanah Home, Costa Atlantice-Gri",Foleja,499,Other
"Set tavoline me karrige (5 copë), Hanah Home, Costa, ngjyrë e bardhë-guri",Foleja,509,Other
"Tavolinë me karrige, set 5 pjesësh, Hanah Home, dru Touch, ngjyrë arrë dhe antracit",Foleja,889,Other
"Tavolinë ngrënieje Hanah Home, Lugias, ngjyrë ahu",Foleja,829,Other
"Set tavoline me karrige (4 pjesë), Hanah Home, Costa Atlantic, ngjyrë e bardhë-jeshile",Foleja,419,Other
"Set tavoline me karrige (6 copë), Hanah Home, Costa Atlantic, ngjyrë navy blue",Foleja,579,Other
"Karrige Wing Nitta, e zezë, Atelier del Sofa",Foleja,199,Other
"Krevat-karrige një vendës, Saga Single, ngjyrë gri e errët",Foleja,199,Other
"Fotel një vendësh Atelier del Sofa, Bella, krem",Foleja,199,Other
"Bankë Hanah Home, Vina 0400 - 2, ngjyrë pishtaqi dhe pishë Atlantiku",Foleja,129,Other
"Karrige krahu Atelier del Sofa, Riverhead, krem",Foleja,189,Other
"Karrige e madhe një vendëshe, Fly, ngjyrë gri, pjesa e majtë",Foleja,199,Other
"Karrige Wing Layla, ngjyrë kaltër",Foleja,169,Other
"Karrige wing Atelier del Sofa, Richland, krem",Foleja,179,Other
"Krevate-kolltuk një vendësh Sando, kafe e çelët, Atelier del Sofa",Foleja,209,Other
"Karrige krahu Atelier del Sofa, ngjyrë krem, Nice",Foleja,139,Other
"Set tavolinë me karrige për kopsht (3 pjesë), Hanah Home, My007, gri",Foleja,259,Other
"Tavolinë me karrige për terasë, dru ahu, ngjyrë kafe, 3 copë, My001",Foleja,139,Other
"Qese ulëse portokalli, Atelier del Sofa, Aktif",Foleja,55,Other
"Set tavoline me karrige për oborr (3 copë), Hanah Home, My005, kafe/natyrale",Foleja,219,Other
"Llambë tavani Opviq Fellini, e zezë dhe bakër, MR-773",Foleja,35,Other
"Llambë muri për jashtë, Opviq, BAP-68160-BSY-M1, e zezë",Foleja,39,Other
"Llambë tavani Opviq, Nest, ngjyrë ari dhe kafe",Foleja,29,Other
"Llambë tavani Opviq Couper Hazeran, gri dhe ari",Foleja,35,Other
"Llambë tavoline Opviq, rozë dhe dru arre, AYD-1967",Foleja,19,Other
"Llambë tavoline Opviq, AYD-3413, bezhë dhe ari",Foleja,29,Other
"Llambë tavoline Opviq, 241293",Foleja,45,Other
"Llambë dyshemeje Opviq, tripod me raft, abazhur cilindrik ngjyrë mustard",Foleja,75,Other
"Llambë dyshemeje Opviq, Venedik Sehbalı, e zezë, retro, 8 koka",Foleja,109,Other
"Llambë tavoline Opviq, trup metalik, ngjyrë ari dhe e zezë, Bulbous - 15454",Foleja,75,Other
"Orë muri dekorative prej metali, Wallity Enzoclock - S027, e zezë, 48x48cm",Foleja,25,Other
"Orë muri dekorative prej metali, Wallity, Seven Love, e zezë, 48x48cm",Foleja,25,Other
"Orë muri dekorative Wallity, Inzyprk, shumëngjyrëshe, 30cm",Foleja,29,Other
"Pikturë dekorative me kornizë, MDF, shumëngjyrëshe, SC7436501193140",Foleja,15,Other
"Pikturë dekorative me kornizë, Wallity, Artvessakaro36",Foleja,10.5,TV
"Atlete për meshkuj Calvin Klein Jeans, të zeza",Foleja,70,Other
"Atlete për meshkuj Nike, të bardha/kuqe",Foleja,105,Other
"Çantë shpine për meshkuj Superdry, hiri",Foleja,49,Other
"Kapelë baseball, Nike, e bardhë",Foleja,29,Other
"Maicë polo për meshkuj Jack & Jones, hiri",Foleja,25,Other
"Syze dielli për meshkuj Dsquared2, hiri",Foleja,90,Other
"Atlete për femra Furla, të zeza",Foleja,189,Other
"Çantë krahu për femra Chiara Ferragni, e zezë",Foleja,169,Other
"Çantë krahu për femra Trussardi, e bardhë",Foleja,105,Other
"Çantë për femra Plein Sport, bezhë/rozë",Foleja,129,Other
"Çantë Pinko për femra, rozë",Foleja,235,Other
"Çantë shpine për femra Love Moschino, e zezë",Foleja,189,Other
"Fustan për femra 4f, i zi",Foleja,25,Other
"Maicë për femra Under Armour, rozë",Foleja,29,Other
"Orë dore për femra Millner, argjend",Foleja,39,Other
"Orë dore për femra Police Montaria PL.16027BSG , 36mm, e artë",Foleja,140,Other
"Access Point Gateway Ubiquiti UXG-Max, 2500 Mbit/s, i bardhë",Foleja,219,Other
"Access Point AVM FRITZ! Repeater 2400, 1733 Mbit/s, Ethernet LAN",Foleja,95,Other
"Access point TP-LINK CPE710 , Ethernet (PoE). Wi-Fi, e bardhë",Foleja,65,Other
"Adapter AC Nintendo Switch, i zi",Foleja,35,Gaming Console
"Adapter Allnet Ersatznetzteil 12V/1,5A, i bardhë",Foleja,32,Other
"Adapter energjie për makinë DDPAI Hardwire Kit MINI, micro USB, 3.5m, i zi",Foleja,10,Storage
"Adapter Ethernet Intel X520, 10 Gbit/s, PCI Express, Fibër",Foleja,225,Other
"Adapter HUB Tech-Protect HB02 6in1, USB-C, USB 2.0, USB 3.0, HDMI 4K, RJ45, PD 100W, Gri",Foleja,14,Storage
"Adapter Lindy 43172, USB në VGA, i zi",Foleja,29,Storage
"Adapter USB 3.0 në SATA AXAGON ADSA-FP3 FASTport3, për HDD/SSD 2.5"", 3.5"", 5.25"", i zi, me furnizues rryme",Foleja,22,Storage
"Adapter Wi-Fi Mercusys MA14N AX300 Nano, USB, Wi-Fi 6",Foleja,7.9,Storage
"Bateri CSB GP1272F2, 12V, 7.2Ah, e zezë",Foleja,25,Other
"Disk i brendshëm SSD Kingston mSATA KC600, 256GB",Foleja,35,Storage
"Disk i jashtëm optik Savio AK-43, DVD±R/RW, CD±R/RW i zi",Foleja,19,Other
"Disk SSD Dahua C900, PCIe G3 M.2 NVMe, 1TB",Foleja,195,Storage
"Dritë për monitor Yeelight Pura Light Bar Pro, 5W, e zezë",Foleja,82,Monitor
"Ftohës CPU Zalman CNPS9X PERFORMA PLUS, ARGB, Black",Foleja,29,Other
"Dëgjuese Defender Twins 638, të zeza",Foleja,22,Other
"Dëgjuese OnePlus Buds Pro 3, Wireless, të zeza",Foleja,149.16,Other
"Dëgjuese Shure SE112-GR, hiri",Foleja,69,Other
"Dëgjuese Sony MDR-EX110AP, të bardha",Foleja,19,Other
"Dëgjuese Xiaomi Buds 5, Wireless, të zeza",Foleja,99,Smartphone
"Gamepad 8BitDo Ultimate 2.4G Hall Edition, wireless, për PC/Android/Apple, Bardhë",Foleja,69,Gaming Accessories
"Gamepad iBOX Aurora GP5, wireless/wired, për Nintendo Switch, Android, iOS, Windows, i zi",Foleja,22,Gaming Console
"Interkom motoçiklete SBS TEMOTOINTERCOMK, wireless, Bluetooth V3.0, i zi",Foleja,16,Other
"Joystick Thrustmaster TCA Officer Pack AIRBUS Edition për PC, 12 butona, USB, zi/blu",Foleja,245,Storage
"Adapter USB Type-C në DisplayPort LogiLink CUA0204, 8K, zi/gri",Foleja,15,Monitor
"Altoparlant Samsung HW-S700D EN soundbar me subwoofer, i zi",Foleja,309,Other
"Amplifikator Behringer NX4-6000, 4-kanale, i zi",Foleja,575,Other
Antena e jashtme Superior SUPNAO001,Foleja,18,Other
Apple TV Siri Remote,Foleja,75,TV
"Bateri rikarikueshme XTAR 16340-650, Li-Ion, 650 mAh, 3.7V, me mbrojtje",Foleja,5.9,Other
"Bateri Sencor SBA LR20 1BP D Alk, 1 copë",Foleja,3,Other
"Boks portativ JBL GO4, i zi",Foleja,49,Other
"Adapter Maclean MCE72 për prizë EU në UK, i zi",Foleja,4.9,Other
"Aparat kafeje DeLonghi Dinamica Plus ECAM 380.95.TB, 3.5"" TFT",Foleja,839,Other
"Aparat për gofra, Camry CR 3046, 1600W, kontroll i butë i temperaturës, pllaka jo‑ngjitëse",Foleja,23,Other
"Aparat për kafe, Zwilling, 1960W, i zi",Foleja,155,Other
"Aparat për zierje Gastroback, argjendtë",Foleja,82,Other
"Aparat sandviçi/grilli/wafflesh 3‑në‑1, Mesko, MS 3045, 750–1000W, pllaka të këmbyeshme, zezë‑argjend",Foleja,26,Other
"Blender dore Bosch MS8CM61V1, 1000W, i zi",Foleja,129,Other
"Blender për gatim Bosch VitaPower MMB2111T, 450 W, Argjendtë",Foleja,65,Other
"Blender smoothie Sencor SBL 131GR, USB-C, 150W, 500ml",Foleja,52,Storage
"Blender Zelmer, ZSB4799, hiri",Foleja,85,Other
"Çadër automatike MACMA 22223-05, Ø105cm, Jeshile",Foleja,7.9,Other
"Çadër me bazë Jiopel, bezhë/hiri, 3m",Foleja,107,Other
"Çadër plazhi FH5775.01 8 radias Φ180Χ200 cm, bezhë",Foleja,32,Other
Çadër plazhi me frikë macrame bezhë FH5775.01 8 radias Φ180Χ200 cm,Foleja,32,Other
"Divan qoshe me shtrat GHUFRAN FH3244.07, i kthyeshëm me hapësirë magazinimi, pëlhurë blu, 200x133x77 cm",Foleja,439,Other
"Divan treshe Atelier del Sofa, Bella, ngjyrë e kuqe klaret",Foleja,305,Other
"Divan treshe Atelier del Sofa, Kapri, hiri",Foleja,921,Other
Divan treshe Kenzo,Foleja,949.05,Other
"Dollap dhe pasqyrë FH2424.02, 118x45x210 cm",Foleja,205,Other
Dollap këpucësh Ronan ngjyrë arre 105x35x.66cm,Foleja,53,Other
"Atlete për fëmijë adidas, të zeza",Foleja,49,Other
"Çantë shpine Gregory Targhee 32 për skydiving, Alaska, e kaltër (L)",Foleja,155,Other
Çorape Adidas,Foleja,18,Other
"Fanellë për meshkuj Adidas Striped 21, e zezë/e verdhë",Foleja,18,Other
"Shirit rezistence për stërvitje Tiguar, i gjelbër",Foleja,25,Other
"Shorce për fëmijë adidas, të bardha",Foleja,17,Other
"Shorce për fëmijë adidas, të kaltërta",Foleja,20,Other
"Top Hendbolli Select, rozë",Foleja,22,Other
"Trenerka të poshtme për meshkuj Givova, të zeza",Foleja,39,Other
Çarçaf i sheshtë Beverly Hills Polo Club FH12033.02 ecru 180x240 cm,Foleja,39,Other
"Çarçaf i sheshtë Beverly Hills Polo Club, FH12031.01, bardhë e kuqe, 180x240 cm",Foleja,28.3,Other
"Dekor muri prej bari dhe fibrash abaka, ngjyrë natyrale dhe e zezë, 46x8x68Hcm, FH7793",Foleja,59,Other
"Jastëk anatomik për gjumë, NOCTUA FH12173, mbushje poliestër HC, 50x70cm",Foleja,22.5,Other
"Jastëk gjumi HYPNO, mbushje nanofiber, 50x70cm",Foleja,25.9,Other
"Jastëk gjumi Morpheo, mbushje me fibër 3D, 50x70cm",Foleja,22.5,Other
"Jastëk gjumi ONERA, mbushje 3D poliester, 50x70cm",Foleja,16.5,Other
Jastëk ngjyrë blu 2x1 për karrige drejtori FH5272.01 46.5χ53χ80,Foleja,15,Other
Jastëk ngjyrë krem 2x1 për karrige drejtori FH5272.60 46.5χ53χ80,Foleja,15,Other
Jastëk pëlhure kafe 44x44x5.5 FH5746.03,Foleja,19,Other
"Bar-stend MONTANA, druri akacie, ngjyrë natyrale, FH8463.21, 120x52x94 cm",Foleja,229,Other
"Konsol tavoline Montana, dru akacie i fortë, ngjyrë natyrale, këmbë metalike të zeza, 130x45",Foleja,219,Other
Piedestal për lule HOVER FH7936 dru teak ngjyrë natyrale Φ30x100H cm,Foleja,99,Other
Set 2 copë tavolina kafeje ANGUL FH10708 metal në ar-zi-bardhë,Foleja,369,Other
Set 2 copë tavolina kafeje EQUIL FH9943.01 MDF me mbulesë melamine-ngjyrë druri natyral 66x66cm + 87x87cm,Foleja,199,Other
"Set 2 tavolina kafeje JEN, metal ngjyrë shampanje, sipërfaqe qeramike travertin, FH18305.04, Φ50cm & Φ70cm",Foleja,152,Other
"Set 2 tavolina kafeje Jennel, metal i bardhë, MDF ngjyrë druri natyral, FH18308.01, 50cm & 70cm",Foleja,89.5,Other
"Set 2 tavolina kafeje Jennel, metal i zi, MDF ngjyrë druri natyral, FH18308.02, 50cm & 70cm",Foleja,89.5,Other
"Set 2 tavolina kafeje JENNEL(X), metal ngjyrë shampanje, MDF ngjyrë druri natyral, FH18308.04, Φ50x55.5cm & Φ70x40cm",Foleja,89.5,Other
"Set 2 tavolina kafeje katrore, mermer gri, dru akacie, FH21079",Foleja,769,Other
"Eau de Toilette Armani Code Refill, 150 ml",Foleja,70.32,Other
"Eau de Toilette Yves Saint Laurent Opium Pour Homme, 100ml",Foleja,70,Other
Argjilë për flokë Got2B iStyler Texture Clay Mattifying 75ml,Foleja,7.9,Other
"Balm Duarsh me Mango, 30ml",Foleja,8.2,Other
"Balsam për buzë Lip Smacker Disney Princess Ariel Calypso Berry, 4g",Foleja,3,Other
"Balsam për buzë Nivea Sun Protect SPF50 për femra, 5.5ml",Foleja,4.7,Other
Balsam për buzë unisex Lip Smacker Coca-Cola Lata 6 copë,Foleja,12,Other
Balsam për buzë Vaseline Stick Cocoa Butter 4.8g,Foleja,3.6,Other
"Balsam për trup Palmer's Cocoa Butter Formula Massage Lotion for Stretch Marks për femra, 250ml",Foleja,11,Other
Bazë hibride për thonj BrushUp! Caring Base Hybrid Nail Base My Nature për femra 5g,Foleja,1.5,Other
"Altoparlant për veturë Kenwood, 250W",Foleja,29,Other
"Aparat Fotografik, Garmin Dash Cam",Foleja,199,Other
Bateri 4Ah me Karikues Energy+ Kit 58GE132,Foleja,72,Other
"Disqe prerës Norton Vulcan, 125×1.0×22.23 mm, 100 copë",Foleja,99,Other
"GPS navigacion Peiying Alien PY-GPS7014, 7 inç, 8 GB, Harta Evropa, i zi",Foleja,72,Other
Green Cell PowerBoost (Car Jump Starter),Foleja,149,Other
"Kompresior pistol me presion GREENWORKS G24PWK4, 24 V, 4Ah, e gjelbër",Foleja,215,Other
"Llambë makine Osram H1, 68W, 12V, 2 copë",Foleja,25,Other
"Ngrohës uji Dafi POZ03134, i bardhë",Foleja,55,Other
"Laptop HP 15-fc0056nw, Ryzen 3 7320U, 15.6"" FHD, 8GB RAM, 512GB SSD, Natural Silver",Foleja,419,Laptop
"Kompjuter Lenovo ThinkBook 14, AMD Ryzen 5, 16GB RAM, 512GB SSD, 14 inch, Arctic Grey",Foleja,852.12,Storage
"Laptop Lenovo V15 G4 IRU, 15.6"", Intel Core i5, 8GB RAM, 512GB SSD, i zi",Foleja,549,Laptop
"Tablet Apple iPad 11-inch Wi-Fi 128GB, Blu",Foleja,419,Tablet
"Tablet Lenovo Tab TB311FU 4+128GB WiFi 10.1"" Luna Grey",Foleja,139,Tablet
Tablet Apple iPad 11 Wi-Fi 256GB Silver,Foleja,570,Tablet
"Tablet BLOW KidsTAB7 V2, 7"", 4/32GB, Android 14, Kaltër, me mbështjellës për fëmijë",Foleja,85.5,Tablet
"Tablet Lenovo Tab 4G, 10.1"", 4 GB RAM, 128 GB, Gri",Foleja,147,Tablet
"Mbështjellës UNIQ Lino për AirPods Pro, silikon, gri",Foleja,19,Audio
"Mbështjellës Guess Marble për AirPods 3, rozë",Foleja,25,Audio
"Kufje Logitech H150 Stereo, me kabllo, për zyrë/qendër thirrjesh, 20 - 20000 Hz, 80 g, të zeza",Foleja,39,Computer Accessories
"Kufje wireless Earfun Wave Life HP201, mbi vesh, Hi-Res Audio, ANC, e zezë",Foleja,74.5,Other
"Dëgjuese Sony MDR-EX110AP, të bardha",Foleja,39,Other
"Kompjuter AIO Lenovo IdeaCentre AIO 24IRH9, 24"", Intel Core i5, 16GB RAM, 1TB SSD",Foleja,836,Storage
"Hekur udhëtimi Esperanza SMOOTHER EHI001 1200W, pllakë jo-ngjitëse, rregullim temperature, blu e bardhë",Foleja,13.9,Other
"Makinë kafeje plotësisht automatike, Philips EP3329/70 Home Series, 15 bar, për kokrra kafeje, e zezë",Foleja,479,Other
Fritezë me ajër të nxehtë Xiaomi MI Air Fryer Smart 4.5L e bardhë,Foleja,109,Smartphone
"Peshore precize, Adler AD 3168, 100 g / 0.01 g, ekran LCD me ndriçim, numërim copash",Foleja,19,Other
"Grill BBQ Hermia, Smalto Mini, i zi, portativ, 45x45x84cm",Foleja,69,Other
"Hekur për hekurosje Esperanza EHI004, 2400 W, vjollcë, e bardhë",Foleja,39,Other
"Skarë elektrike Esperanza EKG005, 750W, inox",Foleja,39,Other
"Reshov elektrik Esperanza EKH003K, i zi",Foleja,29,Other
"Grirës mishit multifunksional Deerma DEM-JR10W, 2L, 300W, i bardhë",Foleja,39,Other
"Fshesë dore elektrike për veturë Black & Decker PD1200AV, hiri/portokalli",Foleja,65,Other
"Mbajtës monitori Maclean MC-983 për tub/shtyllë, 17-35"", i zi",Foleja,25,Monitor
"Mbajtës TV ose monitor Maclean MC-701N, i zi",Foleja,29,Monitor
"Bateri Maxell 790260, Alkaline",Foleja,15,Other
"Mbajtëse televizori Techly, 13-30""",Foleja,15,Other
"Televizor LED Allview 43IPLAY6000-F, 43"", Full HD, Smart TV, i zi",Foleja,289,TV
"Televizor LED Allview 24IPLAY6300-H, 24 inç, Smart TV, HD Ready, i zi",Foleja,139,TV
"Televizor Sinudyne 32"" LED SI32A2312HD",Foleja,159,Other
"Televizor Sinudyne 32 inç LED SI32AH2470WB HD Web OS, zi",Foleja,189,Other
"Mbajtëse muri për TV Hama Motion XL, VESA 800x400, për TV 37-75"", e zezë",Foleja,33,TV
"Televizor Philips QLED 55PUS7810/12, 55 inç, Ultra HD 4K, Titan OS, Bluetooth, i zi",Foleja,946,Other
"Kamerë kompakte Panasonic LUMIX TZ99, 20.3MP, 30x zoom optik, 4K, Wi-Fi, e zezë",Foleja,669,Other
Videokamerë Blackbox DVR F270,Foleja,25,Other
"Selfie stick Hurtel WH181-Y1S, tripod teleskopik 1.75m, Bluetooth 5.2, i zi",Foleja,15,Other
"Karikues + kuti për kartela memorie Puluz PU968B për Insta360 Ace Pro/Ace, e zezë",Foleja,25,Other
"Celular Samsung Galaxy A56, 6.7"", 8+128GB, 5G, hiri",Foleja,421.1,Smartphone
"Celular Samsung Galaxy A16, 6.7"", 4+128GB, i zi",Foleja,170,Smartphone
Celular Motorola Moto G24 Power 8+256GB Ink Blue,Foleja,139,Other
"Celular Samsung Galaxy A56,6.7"", 8+256GB, 5G, hiri",Foleja,459,Smartphone
"Smartwatch Garett Verona, 1.3"" AMOLED, Bluetooth, Rozë",Foleja,109,Smartwatch
"Smartwatch Oromed ORO Active Pro 1, ngjyrë ari",Foleja,59,Smartwatch
Smartwatch Xiaomi Amazfit BIP 5 Soft Black,Foleja,76.5,Smartphone
"Smartwatch Nilox Trailround 1.39"" Nero",Foleja,46.5,Smartwatch
"Smartwatch Colmi P71, 1.9"" IPS HD, Bluetooth, IP68, Kaltër",Foleja,39,Smartwatch
"Smartwatch Colmi P71, 1.9"" IPS HD, 100+ sport mode, vjollcë",Foleja,39,Smartwatch
"Smartwatch Samsung Galaxy Watch Fit 3, Silver",Foleja,55,Smartphone
Loja Minecraft Nintendo Switch,Foleja,39,Gaming Console
"Kontrollues wireless GameSir T4n Lite Nova, për Switch/PC/Android/iOS, Gri",Foleja,35,Other
"Kontroller Xbox Serie X/S Microsoft, e bardhë",Foleja,77,Gaming Console
"Timon gaming PXN V9 Gen2 me pedale dhe marsh, për PC/PS3/PS4/XBOX/SWITCH, i zi",Foleja,199,Gaming Console
"Lojë konsolle, Ubisoft, Tom Clancy's Rainbow Six Siege X Elite Edition, Xbox One/Xbox Series X, Blu-ray, anglisht, titra polonisht",Foleja,27.5,Gaming Console
"Kontroller DualSense PS5 Sony, Bardhë",Foleja,99,Other
"Kontrollues wireless GameSir Cyclone 2, për Switch/PC/Android/iOS/Steam, i zi",Foleja,69,Other
"Kontrollues për telefona GameSir X3 Pro, USB-C, me mbajtëse, blu",Foleja,89,Storage
Amiibo Nintendo Yunobo Zelda,Foleja,36,Gaming Console
Loja PS5 Marvel's Spiderman 2,Foleja,55,Other
"Tastierë Logitech K120, e zezë",Foleja,18.9,Computer Accessories
"Tastierë California Access TKL CA1424, wireless",Foleja,39,Other
"Maus gaming Darmoshark M3, wireless, 26000 DPI, i bardhë",Foleja,49,Other
"Monitor Philips 27E1N1800AE/00, 27"", 4K Ultra HD, LED, i zi",Foleja,255,Monitor
"Lexues barkodesh pa tela Qoltec 50856, 1D/2D, 2.4GHz, zi/verdhë",Foleja,45,Other
"Pajisje multifunksionale Brother DCP-T430W, Inkjet, Wi-Fi, e zezë",Foleja,249,Other
"Pajisje multifunksionale HP Envy 6110e, 714J3B, printim me ngjyra, e bardhë",Foleja,139,Other
"Printer etiketa NiiMbot B1, Gri",Foleja,55,Other
"Printer fotografik Fujifilm Instax Share SP-3, i zi",Foleja,152,Other
"Printer HP LaserJet Pro 3102fdn, Laser, Multifunksional",Foleja,271,Other
"Printer HP LaserJet Pro 3102fdw, multifunksional, laser, Wi-Fi, duplex",Foleja,341,Other
"Printer multifunksional HP DeskJet 4230e, 60K30B, me ngjyra, Bardhë/Blu",Foleja,129,Other
"Printer ngjyrash HP OfficeJet Pro 9110b wireless, printim dyanshëm, Gri",Foleja,169,Other
"Karrige për zyre ZAMORA FH1087.09, e kaftë",Foleja,95,Other
"Karrige metalike Laura FH5037.01, hiri",Foleja,15,Other
"Karrige druri Vjenë Aliyah FH8644.02, 45x54x89 cm",Foleja,59,Other
"Karrige zyre me krahë, PU, FH1005, e zezë",Foleja,46.1,Other
"Shtrat GIMLY, FH675.03, dru pishe i fortë, ngjyrë e bardhë, për dyshek 190x90 cm",Foleja,70,Other
"Tavolinë kafeje e rrumbullakët ROSS FH9709, dru mango i fortë, ngjyrë e bardhë, Φ60x45H cm",Foleja,135,Other
"Krevat INDRA, kadife, për dyshek 160x200 cm. e gjelbër",Foleja,142.8,Other
"Mbuleë anësore për kioskë/gazebo CRESSEN FH6308,, 3x3m, e bardhë",Foleja,37.5,Other
"Karrige kuzhine Lady FH0037.11, 40x48x95 cm, set 4 copë, të bardha",Foleja,94.05,Other
"Krevat për fëmijë LANTAI FH682.05, 190x90cm",Foleja,259,Other
"Karrige për bar Beck FH8410.03 , 32x36 cm, rozë",Foleja,29,Other
"Set këmbë zëvendësuese për dollapë FH6093, 10 cm, 4 copë",Foleja,5.7,Other
"Llambë tavoline moderne, ngjyrë e zezë-kafe, FH7598.03",Foleja,17,Other
"Tepih JOSIANE FH7677.34, 120x170 cm",Foleja,29,Other
"Tavolinë e rrumbullakët për jashtë, ngjyrë shampanjë, LINO FH5973.04, Φ60x70H cm",Foleja,37,Other
"Tavolinë metalike Allegra me thurje, ngjyrë e zezë dhe xham, FH5459.02, 45x46cm",Foleja,40,Other
"Tavolina anësore 3 copë, ngjyrë arre, sipërfaqe mermeri të bardhë, FH18176.03, 40x30x40 cm",Foleja,45,Other
"Karrige ACAPULCO lloj foleje, metal i zi dhe ratan i zi, FH5872.01, 70x73x79 cm",Foleja,45,Other
"Karrige me jastëk Allegra FH5450.31, bezhë, 58x59x82H cm",Foleja,52,Other
"Tapet JOSIANE FH7675.26, 160x230 cm",Foleja,52,Other
"Set kopshti tavolinë & karrige FH5178.02, 3 pjesë",Foleja,72,Other
"Duks pa kapuç për meshkuj Rimeck, i zi",Foleja,31.5,Other
"Çantë tote Lucky Bees, krem",Foleja,13,Other
"Maicë për meshkuj Cavalli Class, e kuqe",Foleja,25,Other
"Jakne Malfini për meshkuj, e zezë",Foleja,20,Other
"Duks për meshkuj Rimeck, hiri",Foleja,23.9,Other
"Atlete për femra Skechers, të zeza",Foleja,85,Other
"Jakne për meshkuj Regatta, e zezë",Foleja,22,Other
"Duks për meshkuj Malfini, e zezë",Foleja,28,Other
Atlete për meshkuj MUNICH Gresca,Foleja,99,Other
"Atlete për meshkuj On Running Cloudswift 3, të zeza",Foleja,200,Other
"Maicë për femra, Desigual, e bardhë",Foleja,42,Other
"Sandale per femra Columbia, të kafta/ të zeza",Foleja,52,Other
"Shorce futbolli për meshkuj Joma, të zeza",Foleja,11,Other
"Maicë për meshkuj Lyle & Scott, e zezë",Foleja,29,Other
"Duks për meshkuj Cavalli Class, i zi",Foleja,45,Other
"Çorape Salomon për meshkuj dhe femra, të bardha",Foleja,5.7,Other
"Çadër transparente EUROSWAN Gabi's Dollhouse, 46cm",Foleja,8,Other
"Çantë shpine Puma, 20L, e kaltër",Foleja,19,Other
"Maicë polo për meshkuj Cavalli Class, e zezë",Foleja,20,Other
"Kapelë për meshkuj New Era, e kuqe",Foleja,21,Other
"Çantë supi Lucky Bees, ngjyrë celeste-mink",Foleja,25,Other
"Shorce noti KARL LAGERFELD BEACHWEAR për meshkuj, të bardha",Foleja,25,Other
"Çantë tote Savona, e zezë, Vince Camuto",Foleja,29,Other
"Portofol për meshkuj Calvin Klein, i zi",Foleja,29,Other
Eau de Parfum për femra Azha Nouf 100ml,Foleja,34,Other
Eau de Parfum për femra Christina Aguilera Violet Noir 75ml,Foleja,35,Other
Eau de Parfum për femra Michael Kors Gorgeous! 50ml,Foleja,48.5,Other
Eau de Parfum Xerjoff XJ 17/17 Symphonium 50ml,Foleja,285,Other
Eau de Parfum për meshkuj Lacoste L.12.12 Blanc 100ml,Foleja,75,Other
"Eau de Toilette për meshkuj Tommy Hilfiger Tommy, 200ml",Foleja,65,Other
Eau de Toilette Tommy Hilfiger Tommy Now 30ml,Foleja,35,Other
"Set Eau de Toilette për meshkuj La Rive Extreme Story, 75ml + Shower Gel 100ml",Foleja,23.5,Other
"Brush për maskarë Gold by José Ojeda, i zi, 1 copë",Foleja,13.3,Other
"Mascara Essence Cosmetics Lash With Out Limits Extreme Lengthening & Volume, e zezë, 13ml",Foleja,10.5,Other
Mascara GOSH Boombastic Overdose 001 Extreme Black 13ml,Foleja,22.5,Other
Maskarë Chanel Inimitable Multi Dimensional 30 Noir Brun 6g,Foleja,69.5,Other
"Maskarë për femra Maybelline Colossal Longwear 36h Waterproof Black 01, 10ml",Foleja,15,Other
Maskarë për femra Maybelline Lash Sensational Sky High Lengthening Mascara e zezë 7.2ml,Foleja,19,Other
"Heqës grimi për sy Diadermine Mild për femra, 125ml",Foleja,15,Other
"Heqës grimi për sy Diadermine Waterproof për femra, 125ml",Foleja,15,Other
"Pastrues për grimin e syve Lancôme Bi-Facil, Non-Oily Instant, 125 ml",Foleja,24.9,Other
Shkumë pastruese për fytyrë Ava Laboratorium Pro4Biotic për femra 150ml,Foleja,15,Other
Ujë micelar Nivea MicellAir Skin Breathe për femra 400ml,Foleja,15,Other
Ujë micelar pastrues ultra i butë hidratues CERAVE unisex 295ml,Foleja,25,Other
"Ujë micelar për femra Garnier Skin Naturals 3-in-1, 100ml",Foleja,5.6,Other
Fondatinë BY TERRY Hyaluronic Hydra-Foundation unisex Medium,Foleja,95,Other
Fondatinë Clarins Everlasting Youth Fluid 109 Wheat SPF15 30ml,Foleja,65.5,Other
Fondatinë Clarins Everlasting Youth Fluid 114 Cappuccino unisex 30ml,Foleja,56,Other
Fondatinë Clinique Even Better Makeup SPF15 CN 0.75 Custard 30ml,Foleja,49,Other
Fondatinë Estée Lauder Futurist Hydra Rescue 2N2 Buff 35ml,Foleja,65,Other
"Fondatinë për femra bareMinerals BarePro 24HR Wear Skin-Perfecting Matte Liquid Foundation SPF20 Light 25 Cool, 30ml",Foleja,55,Other
Fondatinë për femra Perfecta Bubble Tea Moisturizing Foundation Natural 30ml,Foleja,13.6,Other
Korrektor Maybelline Fit Me 10 Light,Foleja,15,Other
Korrigjues fytyre Maybelline Instant Age Rewind Eraser 02 Nude 6ml unisex,Foleja,19,Other
Shampon i thatë për flokë bionde COLAB Blonde 200ml,Foleja,10.5,Other
"Shampon kundër rënies së flokëve Ducray Anaphase, 400ml",Foleja,29,Other
"Shampon për femra Anwen Delicate për skalp normal dhe të yndyrshëm Orange & Bergamot, 50ml",Foleja,4.9,Other
Shampon për femra Fanola Wonder Volume Extra Care 1000ml,Foleja,25,Other
Blush dhe bronzer krem për femra bareMinerals Complexion Rescue Blonzer Kiss of Pink 15ml,Foleja,39,Other
"Blush dhe bronzer për femra J.Cat Beauty Love Struck Blusher + Bronzer 108 Sweetheart, 7.5g",Foleja,15,Other
Blush krem Gosh Blush Up 001 Hot Pink 14ml,Foleja,19,Other
Blush për femra Pupa Milano Wonder Me 006 First Kiss 4g,Foleja,19,Other
Blush Sensai Blooming Blush 01 Mauve,Foleja,59,Other
Blush SLEEK Face Form Feelin' Like A Snack unisex rozë,Foleja,15,Other
Emulsion trupi pas diellit Anne Möller After Sun Express Sun Defense 375ml,Foleja,29,Other
Koncentrat autobronzant për trup e këmbë Collistar Magic Drops unisex 125ml,Foleja,45,Other
"Krem dielli për fytyrë Anne Möller Aqua Non Stop SPF50, unisex, 75ml",Foleja,29,Other
Krem dielli për fytyrë Bioderma Photoderm Nude Clair unisex 40ml,Foleja,26.5,Other
Krem dielli për fytyrë Lancaster Sun Perfect Illuminating Cream SPF30 unisex 50ml,Foleja,45,Other
"Krem mbrojtës dielli për fëmijë Bioderma Photoderm Kids Mineral SPF50, 50g",Foleja,35,Other
Krem mbrojtës nga dielli URIAGE Bariésun Mineral Cream SPF50+ 100ml unisex,Foleja,25,Other
"Krem për diell për fytyrë unisex Singuladerm XpertSun Urban SPF50+, 50ml",Foleja,25,Other
"Krem për fytyrë kundër diellit Institut Esthederm Bronz Repair Protective Anti Wrinkle and Firming, unisex, 50ml",Foleja,73,Other
"Krem për fytyrë me SPF50 Bioderma Cicabio, 30ml unisex",Foleja,23,Other
"Koka zëvendësuese për furçë dhëmbësh elektrike Chicco për fëmijë, 2 copë",Foleja,15,Other
"Kokë zëvendësuese për furçë dhëmbësh sonike Brush-Baby WildOnes për fëmijë, 4 copë",Foleja,29,Other
Pasta dhëmbësh për fëmijë Woom Kids Peach 50ml,Foleja,15,Other
Pastë dhëmbësh HiSkin shije shalqiri 30ml,Foleja,5.9,Other
Pen për zbardhje dhëmbësh BlanX O3X Night Pen Whitening Treatment 2.5ml,Foleja,21,Other
Furçë për duar dhe thonj Inter Vion formë peshku unisex 1 copë,Foleja,4.1,Other
Lima për thonj prej kristali IDC INSTITUTE Crystal Nail File unisex 1 copë,Foleja,2.5,Other
"Limë elektrike për thonjë Medisana MP 810, e bardhë",Foleja,29,Other
"Prerëse thonjsh, Baby Ono, çelik inox, dorezë ergonomike, për fëmijë, mentë",Foleja,6.5,Other
"Set për manikyr dhe pedikyr Beurer, i bardhë",Foleja,55.5,Other
"Tharëse e thonjëve Beurer MP 62, e bardhë",Foleja,95,Other
Trajtim forcues për thonj More4Care Extra Nails 10ml,Foleja,15,Other
Collagen Superdose Joint Health,Foleja,24.5,Other
"Mbrojtëse për thithka silikoni Chicco S-M për gra, 2 copë",Foleja,15,Other
"Pajisje higjienike ProMedix PR-530, e bardhë",Foleja,29,Other
"Termometër trupor Braun ThermoScan 7 IRT6520 për vesh, i bardhë",Foleja,69,Other
Deodorant spraj BAC Cool Energy për meshkuj 150ml,Foleja,4.9,Other
Deodorant stick për meshkuj BAC Cool Energy 40ml,Foleja,7,Other
"Krem para rruajtjes PRORASO Blue për meshkuj, 100ml",Foleja,11.6,Other
"Makine rroje për meshkuj Wilkinson Hydro 5 Groomer, 1 copë",Foleja,25,Other
"Philips 5000 series HC5612/15 hair trimmers/clipper Black, Blue",Foleja,68.99,Other
"Rrojtës për Meshkuj Philips S3242/12, Trimmer, Zi dhe Ar",Foleja,109,Other
Set për meshkuj Cuba aftershave water 100ml + deodorant 200ml,Foleja,19,Other
"Ujë pas rrojës Davidoff Cool Water për meshkuj, 125ml",Foleja,25,Other
Krevat për fëmijë HOUSER FH676.06 t.MONTESSORI dru pishe i fortë ngjyrë rozë - 190x90cm,Foleja,129,Other
Krevat për fëmijë PEPE FH677.03 t.MONTESSORI dru pishe i bardhë - 190x90cm,Foleja,139,Other
Krevat për fëmijë KLARICE FH680.05 Montessori-2 sirtarë-dru pishe në gri-190x90cm,Foleja,219,Other
Krevat për fëmijë MUNK FH681.01 t.MONTESSORI dru pishe i fortë në ngjyrë natyrale për dyshek 190x90cm,Foleja,109,Other
"Dyshek për fëmijë 'BABYCLOUD', pranvera Bonnell, dyanshëm, 70x130 cm",Foleja,95,Other
"Set dekorime për mur për fëmijë, dru natyral, HARSHA, 50x35 cm",Foleja,19,Other
"Llambë tavoline për fëmijë, pëlhurë, dizajn elefant, FH7577.01, Φ24x32 cm",Foleja,25,Other
Krevat për fëmijë PEPE FH678.01 t.MONTESSORI DRU PISHË NATYRAL- 140x70cm,Foleja,89,Other
"Dyshek për fëmijë “BABYCLOUD”, susta Bonnell, dyanshëm, 60x120 cm",Foleja,99,Other
"Tavolinë pikniku për fëmijë, druri, Miko, 88x88x52.5 cm",Foleja,150,Other
"Pankinë-tavolinë druri për fëmijë, Miko FH9289, 64,5x45,x47Y cm",Foleja,85,Other
Krevat për fëmijë PEPE FH677.01 t.MONTESSORI dru pishe i fortë në ngjyrë natyrale - 190x90cm,Foleja,139,Other
Krevat për fëmijë PEPE FH677.05 t.MONTESSORI DRU PISHË NGJYRË GRI - 190x90cm,Foleja,139,Other
Krevat për fëmijë KLARICE FH680.01 t.MONTESSORI-2 sirtarë- dru pishe i fortë në ngjyrë natyrale- 190x90cm,Foleja,219,Other
Set mbulesë për jorgan me jastëk FH12059 vetëm blu 160x220 cm,Foleja,55,Other
Krevat për fëmijë MUNK FH681.03 t.MONTESSORI dru pishe i bardhë për dyshek 190x90cm,Foleja,109,Other
"Gotë sigurie Sundo, transparente",Foleja,5.1,Other
"Parmakë sigurie për shtrat, Evila Originals, Kuzucuk, ngjyrë gri",Foleja,43,Other
"Monitor foshnje neno AMI me video IP-Wi-Fi, sensor temperature, vizion nate, bardhë",Foleja,72,Monitor
"Set mbulesash për batanije për bebe, L'essentiel, hënë, ngjyrë mente",Foleja,15,Other
"Set mbulesë për krevat fëmijësh Ranforce, L'essentiel, Sailor - blu",Foleja,15,Other
"Jastëk për bebe L'essentiel, lesh, ecru",Foleja,15,Other
"Set çarçafi i sheshtë për fëmijë Ranforce L'essentiel, Bulut, gri",Foleja,15,Other
"Lugë Trixie për pastrim të mbeturinave të maces, 1 copë",Foleja,0.6,Other
"Maskë mbrojtëse për Qen Trixie, M-L, e zezë",Foleja,15,Other
"Set qafore për mace Dogness COLLAR DAISY, 2 copë",Foleja,5.8,Other
"Balsam për putra VetExpert, për qen & mace, 75 ml",Foleja,6.5,Other
Tas ushqimi për kafshë Assorbello. e bardhë,Foleja,6.2,Other
"Litar për qen Ferplast Daytona, 120 cm, i zi",Foleja,15,Other
"Lodër top për qen Hilton, 6.3 cm",Foleja,2.4,Other
"Tualet këndi Trixie për kafazin e brejtësve, 62551, hiri",Foleja,3.2,Other
"Enë për qen KOOPMAN H7xØ21.5cm, 3 dizajne",Foleja,3.4,Other
"Mbështjellës silikon për AirTag Hurtel, për qafore qeni ose mace, i zi",Foleja,3.9,Other
"Rrotë ushtrimi për brejtës, FERPLAST, 14.5x10 cm, e kuqe",Foleja,4,Other
"Top për vrapim për hamster SAVIC, 18 cm",Foleja,4.7,Other
Tas për ushqim dhe pije për mace Flamingo,Foleja,6.2,Other
"Mbështjellës gishti për pastrim dhëmbësh për qen, bogar Bogadent, për këlyshë, 2 copë",Foleja,8.7,Other
"Peshqir për qen, i kuq, Paws & Whiskers, Mictow 80, 80x120cm",Foleja,13,Other
"Peshqir për qen, ngjyrë vjollcë, Paws & Whiskers, Mictow 80",Foleja,15,Other
"Kutia për rërë të maceve, gri, Paws & Whiskers, 5088-03-1",Foleja,31,Other
"Shtrat për kafshë shtëpiake Hanah Home, Peti, krem",Foleja,29,Other
"Shtrat për kafshë, Go Gift, Hexagon, i zi",Foleja,29,Other
"Shtrat për qen Sally, ngjyrë antracit, 55x75cm",Foleja,34,Other
"Shtrat për mace Liza, anthracite, Paws & Whiskers",Foleja,37,Other
"Bluzë me kapuç për qen, Paws & Whiskers, ngjyrë kaki, Askersweat",Foleja,40,Other
"Ushqyes automatik Rojeco 6 Meals, 3600mAh, i bardhë",Foleja,65,Other
"Shtëpi druri për mace, ngjyrë arre, Aberto Design, 199",Foleja,25,Other
"Set Karrige të palosshme MAG FH5971.01, 45x51x81H cm. 4 copë",Foleja,75,Other
Karrige metalike Amore e zezë 42x48x90 cm. FH5007.11,Foleja,39,Other
"Shezlong për plazh, ngjyrë metalike e zezë, pëlhurë e papërshkueshme nga uji, FH5278",Foleja,49,Other
"Karrige plazhi me shpinë të lartë, e palosshme, ngjyrë blu e çelët, FH5148, Metalike",Foleja,25,Other
"Fole e varur NEENA, ngjyrë e bardhë, FH5768, 80x73x99 cm",Foleja,49,Other
Karrige e jashtme LEON FH5000.01 kornizë metali gri-tekstilene gri 54x70x93Hcm,Foleja,25,Other
"Çadër për plazh me fibra qelqi, 2m, FH6015.02, ngjyrë portokalli",Foleja,29,Other
Tendë dielli 3x3 FH6026 Gri e errët,Foleja,59,Other
Shezlong profesional për plazh alumini WALDO FH5071.90 i zi 195x53-60x30 cm,Foleja,77.7,Other
"Shezlong plazhi profesional MILOS, dru ahu, ngjyrë natyrale-gri, FH10650.02, 204x65x31,5-92,5H cm",Foleja,256,Other
"Karrige PRELUDE FH5970.02, kornizë metali, sedilje dhe mbështetëse alumini, e bardhë, 54x56x79H cm",Foleja,29,Other
Karrige jashtë ALLEGRA FH5451.11 metal & jastëk e zezë - Wicker bezhë 52x51.5x83.5Hcm,Foleja,55,Other
Karrige jashtë ALLEGRA FH5453.12 metal-jastëk-wicker në të zezë 52x52x83.5Hcm,Foleja,55,Other
Ftohës izotermik 2 copë set BREEZERS FH12167 24LT+12LT+3 blloqe akulli - blu,Foleja,65,Other
Karrige alumini pamje bambu patinë gri me tekstilene 45x57x88 cm FH5109,Foleja,75,Other
Karrige alumini pamje bambuje me thurje bardhë e zi FH5792.02 46x60x96 cm,Foleja,92.7,Other
Ombrellë plazhi prej kashte me shtyllë druri dhe trarë mbështetës Φ216x270H FH5896,Foleja,179,Other
"Karrige për jashtë CELLION FH9812.02, ngjyrë e zezë, 76x72x83H cm",Foleja,190.4,Other
"Shtyllë rezervë për ombrellat e plazhit, FH6015",Foleja,10.5,Other
Karrige për jashtë LEDAN FH5977.02 metal & tekstilene ngjyrë kafe 55x58x72Hcm,Foleja,25,Other
"Pëlhurë zëvendësuese Textilene për shezlongje AIGAIO, ngjyrë e zezë, FH6064.01",Foleja,25,Other
Karrige për jashtë COMFEE FH6101.04 polipropileni ngjyrë kapuçino 41x57x82H cm,Foleja,35,Other
Karrige e jashtme MORNER FH6074.02 metal-gri me thurje 55x58x87H,Foleja,35,Other
Karrige metalike e bardhë Thetis FH5173.12 55x57x79 cm,Foleja,45,Other
Bluzë sportive për femra Fivestar Nation,Foleja,17.5,Other
Maicë sportive për femra Fivestar Nation,Foleja,10.5,Other
Sports bra për femra Fivestar Nation,Foleja,14,Other
Hellonke sportive për femra Fivestar Nation,Foleja,21,Other
Maicë sportive për femra Fivestar Nation,Foleja,14,Other
Hellonke të shkurtra për femra Fivestar Nation,Foleja,14,Other